match_id,date,group,round,home_team,away_team,winner_model_pick,winner_model_confidence,home_win_prob,draw_prob,away_win_prob,home_fair_odds,draw_fair_odds,away_fair_odds,draw_risk,upset_risk,confidence_level,model_note,prediction_result_type,top_scoreline_1,top_scoreline_1_prob,top_scoreline_2,top_scoreline_2_prob,top_scoreline_3,top_scoreline_3_prob,expected_home_goals,expected_away_goals,over_2_5_prob,under_2_5_prob,both_teams_score_prob,high_scoring_4plus_prob,high_scoring_4plus_band,blowout_3plus_margin_prob,blowout_3plus_margin_band,either_team_3plus_goals_prob,either_team_3plus_goals_band,first_goalscorer_pick,first_goalscorer_prob,goalscorer_model_status,corners_total_line,corners_over_prob,corners_under_prob,first_half_corners_line,first_half_corners_over_prob,second_half_corners_line,second_half_corners_over_prob,corners_model_status
wc2026_r001,2026-06-11,Group A,Matchday 1,Mexico,South Africa,Mexico,0.7907880393415273,0.6519548010561006,0.2231527155513036,0.1248924833925957,1.5338486630976589,4.481236078752071,8.006886986597346,low,low,high,"winner=v4_elo_ensemble_calibrated_v1; probability=calibrated_v3_floor_010_T1.2; draw is risk indicator, not final pick",home_win,1-0,0.15336211196998395,2-0,0.11220255585511688,2-1,0.10584883302822475,1.8913657262868901,0.7615363641110632,0.4946624107043465,0.5053375892956535,0.4276060455377593,0.29184879592656404,High,0.21929087333364658,High,0.3295636320651968,High,,,pending player lineup / scorer data,,,,,,,,pending corners training data
wc2026_r002,2026-06-11,Group A,Matchday 1,South Korea,Czechia,South Korea,0.5552913155577462,0.449683005185741,0.3106846699046439,0.239632324909615,2.2237887322135985,3.218697595561836,4.173059708773355,high,high,medium,"winner=v4_elo_ensemble_calibrated_v1; probability=calibrated_v3_floor_010_T1.2; draw is risk indicator, not final pick",home_win,1-1,0.13576439634621745,0-0,0.11790803516355364,1-0,0.10578085364288944,1.5066412581599367,1.0041815348608034,0.4526956443891471,0.5473043556108528,0.4513053884536798,0.27120974952052546,Medium,0.18336862343482477,Medium,0.28483667365702087,Medium,,,pending player lineup / scorer data,,,,,,,,pending corners training data
wc2026_r003,2026-06-18,Group A,Matchday 8,Czechia,South Africa,Czechia,0.7122835253786267,0.5928922428404445,0.2604959996424266,0.1466117575171289,1.686647130360776,3.8388305439341246,6.820735368943162,medium,medium,high,"winner=v4_elo_ensemble_calibrated_v1; probability=calibrated_v3_floor_010_T1.2; draw is risk indicator, not final pick",home_win,1-0,0.13946857417928102,1-1,0.11383272355508615,2-0,0.10203778679995656,1.7832718645826242,0.8153774815660683,0.47821849930576626,0.5217815006942338,0.43730114384401814,0.28482609789962665,High,0.20633614063824532,High,0.3126397607869501,Medium,,,pending player lineup / scorer data,,,,,,,,pending corners training data
wc2026_r004,2026-06-18,Group A,Matchday 8,Mexico,South Korea,Mexico,0.5839677522472275,0.476446091578068,0.3144251229903163,0.2091287854316157,2.0988733409226534,3.1804074384692154,4.781742493918877,high,high,medium,"winner=v4_elo_ensemble_calibrated_v1; probability=calibrated_v3_floor_010_T1.2; draw is risk indicator, not final pick",home_win,1-1,0.13739891650259825,0-0,0.11932757567093832,1-0,0.11207644874444192,1.5630633834540277,0.9499596396285793,0.45280078974981725,0.5471992102501828,0.45177772182262943,0.27264531538000397,Medium,0.1849158247065432,Medium,0.28573090096694015,Medium,,,pending player lineup / scorer data,,,,,,,,pending corners training data
wc2026_r005,2026-06-24,Group A,Matchday 14,Czechia,Mexico,Czechia,0.4201775416089992,0.3335135882624133,0.3310399466627301,0.3354464650748565,2.9983785824438,3.02078347365981,2.9811016186348693,high,high,low,"winner=v4_elo_ensemble_calibrated_v1; probability=calibrated_v3_floor_010_T1.2; draw is risk indicator, not final pick",away_win,1-1,0.14465933751718016,0-0,0.1256330725414614,0-1,0.09560500569678779,1.2749105454126655,1.18672175230826,0.4392295959940758,0.5607704040059244,0.45787172455590175,0.2618852249338411,Medium,0.16899690954748953,Medium,0.2689577651908213,Medium,,,pending player lineup / scorer data,,,,,,,,pending corners training data
wc2026_r006,2026-06-24,Group A,Matchday 14,South Africa,South Korea,South Korea,0.3372642948174267,0.2501487828627054,0.3041654609529145,0.4456857561843801,3.997620890079851,3.287684265225637,2.2437333617327906,high,high,low,"winner=v4_elo_ensemble_calibrated_v1; probability=calibrated_v3_floor_010_T1.2; draw is risk indicator, not final pick",away_win,1-1,0.13291560284682127,0-1,0.12702411172965036,0-0,0.11543392815803263,1.0936775733279926,1.3775928573690315,0.4443145526713652,0.5556854473286348,0.452815644275071,0.2587004466118977,Medium,0.16736260732710648,Medium,0.27116365429721595,Medium,,,pending player lineup / scorer data,,,,,,,,pending corners training data
wc2026_r007,2026-06-12,Group B,Matchday 2,Canada,Bosnia and Herzegovina,Canada,0.7201172744944501,0.6013058769861187,0.2628149548623769,0.1358791681515042,1.6630471084237968,3.804958513580972,7.35947984966325,medium,medium,high,"winner=v4_elo_ensemble_calibrated_v1; probability=calibrated_v3_floor_010_T1.2; draw is risk indicator, not final pick",home_win,1-0,0.14144774926907738,1-1,0.11484607112607219,2-0,0.10348578787862844,1.8014212200741098,0.7966815329900914,0.47784515445424786,0.5221548455457522,0.437718800958505,0.28518077613612475,High,0.20658338557297332,High,0.31254610504521546,Medium,,,pending player lineup / scorer data,,,,,,,,pending corners training data
wc2026_r008,2026-06-13,Group B,Matchday 3,Qatar,Switzerland,Switzerland,0.6637024889979066,0.1268080944184151,0.2049959172369491,0.6681959883446359,7.885931924033233,4.878145933238892,1.4965669016920666,low,low,medium,"winner=v4_elo_ensemble_calibrated_v1; probability=calibrated_v3_floor_010_T1.2; draw is risk indicator, not final pick",away_win,0-1,0.1904413607637924,1-2,0.12560323273496365,0-2,0.11756726780100016,0.8041421055097435,1.7457459730545006,0.4729597583851528,0.5270402416148472,0.43134555408644354,0.25901048756442824,Medium,0.1773742788054452,Medium,0.29390571157229456,Medium,,,pending player lineup / scorer data,,,,,,,,pending corners training data
wc2026_r009,2026-06-18,Group B,Matchday 8,Switzerland,Bosnia and Herzegovina,Switzerland,0.8123770418207154,0.6707637430782459,0.2040921409660121,0.1251441159557419,1.4908378849024164,4.899747708396728,7.990787200523731,low,low,high,"winner=v4_elo_ensemble_calibrated_v1; probability=calibrated_v3_floor_010_T1.2; draw is risk indicator, not final pick",home_win,1-0,0.15778661972384123,2-0,0.11543960751022665,2-1,0.10890257933136503,1.9232073909487302,0.7547374808164691,0.5024477207751568,0.49755227922484324,0.42283056059786384,0.29469119857343573,High,0.2249162054671807,High,0.33730348250052833,High,,,pending player lineup / scorer data,,,,,,,,pending corners training data
wc2026_r010,2026-06-18,Group B,Matchday 8,Canada,Qatar,Canada,0.8453255595635838,0.6897439426752296,0.186555944360941,0.1237001129638293,1.4498133845458885,5.360322360274083,8.084066991049605,low,low,high,"winner=v4_elo_ensemble_calibrated_v1; probability=calibrated_v3_floor_010_T1.2; draw is risk indicator, not final pick",home_win,1-0,0.1622514131283686,2-0,0.11870613289200473,2-1,0.11198413034491546,1.9559504906975083,0.7454257839944386,0.5097002372726218,0.49029976272737796,0.4184114245666165,0.29741594843482605,High,0.2302375069928143,High,0.34455709750701247,High,,,pending player lineup / scorer data,,,,,,,,pending corners training data
wc2026_r011,2026-06-24,Group B,Matchday 14,Switzerland,Canada,Switzerland,0.6107593395920499,0.50090872904104,0.3089511970234282,0.1901400739355317,1.9963716781586949,3.2367571630550063,5.259280588788752,high,high,medium,"winner=v4_elo_ensemble_calibrated_v1; probability=calibrated_v3_floor_010_T1.2; draw is risk indicator, not final pick",home_win,1-1,0.1350068955034079,1-0,0.11783089942047065,0-0,0.11725016433427787,1.6114328961042472,0.9132350408970482,0.4560586602918546,0.5439413397081456,0.45011535062343166,0.27470923850737966,Medium,0.1881906504885821,Medium,0.2894640116707778,Medium,,,pending player lineup / scorer data,,,,,,,,pending corners training data
wc2026_r012,2026-06-24,Group B,Matchday 14,Bosnia and Herzegovina,Qatar,Bosnia and Herzegovina,0.695178325452262,0.5757391618578412,0.2605760250621932,0.1636848130799655,1.7368976547871433,3.837651601912816,6.109302269303791,medium,medium,medium,"winner=v4_elo_ensemble_calibrated_v1; probability=calibrated_v3_floor_010_T1.2; draw is risk indicator, not final pick",home_win,1-0,0.13543358168896905,1-1,0.11386769342601769,2-0,0.09908571171143786,1.7480018508474036,0.846553537426418,0.47727030735490467,0.5227296926450954,0.43758178875360987,0.2836965877382891,High,0.2048261744454509,High,0.31125436278157137,Medium,,,pending player lineup / scorer data,,,,,,,,pending corners training data
wc2026_r013,2026-06-13,Group C,Matchday 3,Brazil,Morocco,Brazil,0.6479428328532143,0.5335724966665122,0.2895374847134611,0.1768900186200266,1.8741595682826384,3.4537842344995275,5.6532302263367225,medium,medium,medium,"winner=v4_elo_ensemble_calibrated_v1; probability=calibrated_v3_floor_010_T1.2; draw is risk indicator, not final pick",home_win,1-1,0.1265234034359983,1-0,0.12551453696685347,0-0,0.10988246037128133,1.671658826856169,0.8816711859434836,0.4647124136469756,0.5352875863530244,0.4450452478042877,0.278488353246513,Medium,0.19509596873719684,Medium,0.2984174627456122,Medium,,,pending player lineup / scorer data,,,,,,,,pending corners training data
wc2026_r014,2026-06-13,Group C,Matchday 3,Haiti,Scotland,Scotland,0.3624211455574838,0.2401182718151399,0.2959858054717565,0.4638959227131033,4.164614347923805,3.3785403945508516,2.155655937115124,medium,high,low,"winner=v4_elo_ensemble_calibrated_v1; probability=calibrated_v3_floor_010_T1.2; draw is risk indicator, not final pick",away_win,0-1,0.13221415919170826,1-1,0.12934121989107303,0-0,0.11232966457658805,1.0700901453832505,1.4076981537057833,0.44668491080171696,0.5533150891982832,0.45104257867055886,0.2587353672946171,Medium,0.16820081793218425,Medium,0.2730507703566213,Medium,,,pending player lineup / scorer data,,,,,,,,pending corners training data
wc2026_r015,2026-06-19,Group C,Matchday 9,Scotland,Morocco,Scotland,0.4735695354575017,0.3788097095255442,0.3276548455538349,0.2935354449206209,2.639847857259232,3.051992099520763,3.406743605599059,high,high,low,"winner=v4_elo_ensemble_calibrated_v1; probability=calibrated_v3_floor_010_T1.2; draw is risk indicator, not final pick",home_win,1-1,0.1431801006795173,0-0,0.12434839177268606,1-0,0.08910902564635695,1.3669049850990072,1.1089764357971224,0.44286188830931283,0.5571381116906873,0.45638325999115725,0.2651362144952218,Medium,0.17364831147958296,Medium,0.27365678648523933,Medium,,,pending player lineup / scorer data,,,,,,,,pending corners training data
wc2026_r016,2026-06-19,Group C,Matchday 9,Brazil,Haiti,Brazil,0.878133289184394,0.7163609397942885,0.1591113117903562,0.1245277484153554,1.395944340973088,6.284908274262688,8.030338721491656,low,low,high,"winner=v4_elo_ensemble_calibrated_v1; probability=calibrated_v3_floor_010_T1.2; draw is risk indicator, not final pick",home_win,1-0,0.1685126430263084,2-0,0.12328696441760872,2-1,0.11630556195214363,2.0008405867162775,0.7364851771652675,0.5208850737467263,0.4791149262532735,0.411542478338425,0.30147816411144673,High,0.23829671217312168,High,0.3556645579667489,High,,,pending player lineup / scorer data,,,,,,,,pending corners training data
wc2026_r017,2026-06-24,Group C,Matchday 14,Scotland,Brazil,Scotland,0.3560508756296074,0.282082516362737,0.3092373188055251,0.4086801648317378,3.5450619658897065,3.233762353983174,2.4469012348855266,high,high,low,"winner=v4_elo_ensemble_calibrated_v1; probability=calibrated_v3_floor_010_T1.2; draw is risk indicator, not final pick",away_win,1-1,0.1351319262976206,0-0,0.11735875050029274,0-1,0.11647721337049534,1.161219734699387,1.3120165454443204,0.4442235788331899,0.5557764211668104,0.45352258131738615,0.26036190478578325,Medium,0.1690813635385309,Medium,0.2720310541823183,Medium,,,pending player lineup / scorer data,,,,,,,,pending corners training data
wc2026_r018,2026-06-24,Group C,Matchday 14,Morocco,Haiti,Morocco,0.787064674250686,0.6505264802824111,0.224258872720239,0.1252146469973497,1.5372164397763992,4.459132376213677,7.986286141278388,low,low,high,"winner=v4_elo_ensemble_calibrated_v1; probability=calibrated_v3_floor_010_T1.2; draw is risk indicator, not final pick",home_win,1-0,0.15302612197486654,2-0,0.11195673936426613,2-1,0.10561693645067047,1.8888248114048862,0.7625452770458049,0.4941925424721051,0.5058074575278949,0.4278883249071437,0.2916617976792303,High,0.21893509757859828,High,0.3290877748872782,High,,,pending player lineup / scorer data,,,,,,,,pending corners training data
wc2026_r019,2026-06-12,Group D,Matchday 2,United States,Paraguay,United States,0.4363851306777748,0.3471712708550575,0.3196855815099883,0.333143147634954,2.880422673042827,3.128073512970605,3.0017126484491374,high,high,low,"winner=v4_elo_ensemble_calibrated_v1; probability=calibrated_v3_floor_010_T1.2; draw is risk indicator, not final pick",home_win,1-1,0.13969765552839827,0-0,0.12132397391068502,0-1,0.09494854125345478,1.2989269935264152,1.1781963785169385,0.44399883755661634,0.5560011624433837,0.4549895305642681,0.26373901512600234,Medium,0.17256147333325558,Medium,0.27376277184407233,Medium,,,pending player lineup / scorer data,,,,,,,,pending corners training data
wc2026_r020,2026-06-13,Group D,Matchday 3,Australia,Turkey,Australia,0.424368644846186,0.3371225490172821,0.3216424247138051,0.3412350262689126,2.966280371677945,3.10904259874857,2.930531519387295,high,high,low,"winner=v4_elo_ensemble_calibrated_v1; probability=calibrated_v3_floor_010_T1.2; draw is risk indicator, not final pick",away_win,1-1,0.1405527657480043,0-0,0.12206661608017477,0-1,0.09725479331881696,1.2789527786363573,1.1937031482948206,0.44276429531868805,0.557235704681312,0.45560370034717446,0.26291586115867815,Medium,0.17127728260443853,Medium,0.2723249407935365,Medium,,,pending player lineup / scorer data,,,,,,,,pending corners training data
wc2026_r021,2026-06-19,Group D,Matchday 9,United States,Australia,United States,0.4868973869825506,0.3899193632492533,0.3171824344566798,0.2928982022940669,2.564632829892976,3.152759709764376,3.414155471654311,high,high,low,"winner=v4_elo_ensemble_calibrated_v1; probability=calibrated_v3_floor_010_T1.2; draw is risk indicator, not final pick",home_win,1-1,0.13860381897456203,0-0,0.1203740037983147,1-0,0.09172239693461685,1.3859955556610046,1.1038262373195753,0.44718093646607737,0.5528190635339228,0.4537476393372026,0.26674866944895437,Medium,0.176806534898189,Medium,0.2779707241729141,Medium,,,pending player lineup / scorer data,,,,,,,,pending corners training data
wc2026_r022,2026-06-19,Group D,Matchday 9,Turkey,Paraguay,Turkey,0.5724458475897448,0.4649952663366099,0.3080168165260668,0.2269879171373232,2.1505595269352704,3.246575986591862,4.40552084274609,high,high,medium,"winner=v4_elo_ensemble_calibrated_v1; probability=calibrated_v3_floor_010_T1.2; draw is risk indicator, not final pick",home_win,1-1,0.13459858567524388,0-0,0.11689555730274054,1-0,0.10938282222311793,1.5371910878545116,0.9800990573474461,0.4544652070952337,0.5455347929047663,0.45044345372958305,0.27243753029840334,Medium,0.18525978132120163,Medium,0.28692469451310854,Medium,,,pending player lineup / scorer data,,,,,,,,pending corners training data
wc2026_r023,2026-06-25,Group D,Matchday 15,Turkey,United States,Turkey,0.6720114814451995,0.5541594849649858,0.2696709215742514,0.1761695934607628,1.8045346639933169,3.7082233196012546,5.676348456935752,medium,medium,medium,"winner=v4_elo_ensemble_calibrated_v1; probability=calibrated_v3_floor_010_T1.2; draw is risk indicator, not final pick",home_win,1-0,0.13035730213928692,1-1,0.11784202255905754,0-0,0.10234289485002196,1.7068692030878545,0.8727921168342098,0.47287962231230213,0.5271203776876979,0.4400528299205152,0.28151527065767484,High,0.2010447182028204,High,0.30656246380500524,Medium,,,pending player lineup / scorer data,,,,,,,,pending corners training data
wc2026_r024,2026-06-25,Group D,Matchday 15,Paraguay,Australia,Paraguay,0.5667754784950101,0.4609275284894797,0.3176510161706381,0.221421455339882,2.1695384592825944,3.148108928015557,4.516274172550259,high,high,medium,"winner=v4_elo_ensemble_calibrated_v1; probability=calibrated_v3_floor_010_T1.2; draw is risk indicator, not final pick",home_win,1-1,0.13880858193745285,0-0,0.12055183538950122,1-0,0.10842595087840884,1.5322899905025604,0.9736129496129791,0.4508217601400568,0.5491782398599433,0.4527742132718185,0.27135685767397144,Medium,0.18288995140154535,Medium,0.28344356607237825,Medium,,,pending player lineup / scorer data,,,,,,,,pending corners training data
wc2026_r025,2026-06-14,Group E,Matchday 4,Germany,Curaçao,Germany,0.892100901348497,0.7282179526447295,0.1468474275307714,0.1249346198244989,1.373215252889903,6.8097890226265845,8.004186520955864,low,low,high,"winner=v4_elo_ensemble_calibrated_v1; probability=calibrated_v3_floor_010_T1.2; draw is risk indicator, not final pick",home_win,1-0,0.17130181879348313,2-0,0.12532757696386407,2-1,0.11823062020984312,2.0208239221659157,0.7325575466627969,0.5258811340938033,0.47411886590619673,0.4084735923458784,0.30329097811657174,High,0.241894817483409,High,0.3606250933914173,High,,,pending player lineup / scorer data,,,,,,,,pending corners training data
wc2026_r026,2026-06-14,Group E,Matchday 4,Ivory Coast,Ecuador,Ecuador,0.3799587106469159,0.2135655621338522,0.3042623766449854,0.4821720612211623,4.682402864995854,3.286637049991902,2.073948452067862,high,high,low,"winner=v4_elo_ensemble_calibrated_v1; probability=calibrated_v3_floor_010_T1.2; draw is risk indicator, not final pick",away_win,0-1,0.13742300921130327,1-1,0.13295795350555997,0-0,0.11547070866230438,1.0184289134056974,1.4441900355994222,0.4423185210263123,0.5576814789736876,0.45339682074765336,0.25629771978020693,Medium,0.16415766021659223,Medium,0.2682331312831883,Medium,,,pending player lineup / scorer data,,,,,,,,pending corners training data
wc2026_r027,2026-06-20,Group E,Matchday 10,Germany,Ivory Coast,Germany,0.7958150201160712,0.6577800375397909,0.2169712988572087,0.1252486636030003,1.5202650474772237,4.608904519938884,7.984117125350672,low,low,high,"winner=v4_elo_ensemble_calibrated_v1; probability=calibrated_v3_floor_010_T1.2; draw is risk indicator, not final pick",home_win,1-0,0.15473240722421963,2-0,0.11320508919158706,2-1,0.10679459565304665,1.9011270593469862,0.7598323545526674,0.49717249374767114,0.5028275062523287,0.42606152836574035,0.2927526257550458,High,0.22109128740705844,High,0.33205193844216274,High,,,pending player lineup / scorer data,,,,,,,,pending corners training data
wc2026_r028,2026-06-20,Group E,Matchday 10,Ecuador,Curaçao,Ecuador,0.8793489992226262,0.7156920594761518,0.1598148544678949,0.1244930860559532,1.397248979864254,6.257240625907457,8.032574592540437,low,low,high,"winner=v4_elo_ensemble_calibrated_v1; probability=calibrated_v3_floor_010_T1.2; draw is risk indicator, not final pick",home_win,1-0,0.16835529945267658,2-0,0.12317184895080867,2-1,0.11619696515832355,1.9997174999009901,0.7366898406623758,0.5205990716233228,0.47940092837667725,0.41171835843541954,0.30137490937975975,High,0.23809128509473854,High,0.3553808838281377,High,,,pending player lineup / scorer data,,,,,,,,pending corners training data
wc2026_r029,2026-06-25,Group E,Matchday 15,Curaçao,Ivory Coast,Curaçao,0.3868811337802821,0.3072280483314729,0.3057510992806388,0.3870208523878883,3.2549111496522123,3.2706341934755665,2.583840105333029,high,high,low,"winner=v4_elo_ensemble_calibrated_v1; probability=calibrated_v3_floor_010_T1.2; draw is risk indicator, not final pick",away_win,1-1,0.13360850227585647,0-0,0.11603569425019089,0-1,0.11030413091121034,1.2117104345030367,1.2711769761943619,0.4468113580333028,0.5531886419666973,0.45231785538279357,0.2623024968488947,Medium,0.17199975789112862,Medium,0.2751665562598263,Medium,,,pending player lineup / scorer data,,,,,,,,pending corners training data
wc2026_r030,2026-06-25,Group E,Matchday 15,Ecuador,Germany,Ecuador,0.5048664445493035,0.4064151573665394,0.3311875009612385,0.2623973416722222,2.460538151381288,3.019437620977846,3.811014218464019,high,high,low,"winner=v4_elo_ensemble_calibrated_v1; probability=calibrated_v3_floor_010_T1.2; draw is risk indicator, not final pick",home_win,1-1,0.14472381646386076,0-0,0.1256890709189236,1-0,0.09560277302871256,1.4249857430249915,1.0535178096735471,0.44308608092317964,0.5569139190768201,0.4567938042450846,0.26664448269797686,Medium,0.175312319244067,Medium,0.2746858916944385,Medium,,,pending player lineup / scorer data,,,,,,,,pending corners training data
wc2026_r031,2026-06-14,Group F,Matchday 4,Netherlands,Japan,Netherlands,0.6150400568452074,0.5041831587474356,0.3038985776902377,0.1919182635623267,1.9834061940592067,3.2905715044816524,5.2105515204145405,high,high,medium,"winner=v4_elo_ensemble_calibrated_v1; probability=calibrated_v3_floor_010_T1.2; draw is risk indicator, not final pick",home_win,1-1,0.1327989789880923,1-0,0.11860115750347976,0-0,0.11533264320847293,1.6163515363452488,0.9145549629686626,0.4580306384768202,0.5419693615231799,0.4488755762074827,0.27535068452422623,Medium,0.1895328364068944,Medium,0.2913800952290593,Medium,,,pending player lineup / scorer data,,,,,,,,pending corners training data
wc2026_r032,2026-06-14,Group F,Matchday 4,Sweden,Tunisia,Sweden,0.5296020990512982,0.4263991869258782,0.302651458673411,0.2709493544007108,2.3452202317961546,3.3041307792905528,3.6907266386067334,high,high,low,"winner=v4_elo_ensemble_calibrated_v1; probability=calibrated_v3_floor_010_T1.2; draw is risk indicator, not final pick",home_win,1-1,0.13225400726308462,0-0,0.11485934868469011,1-0,0.1003037016420553,1.4558329703940434,1.0582528369013742,0.45430330001429736,0.5456966999857025,0.4497690875211973,0.2703648028643072,Medium,0.18302245734008035,Medium,0.28562562124017293,Medium,,,pending player lineup / scorer data,,,,,,,,pending corners training data
wc2026_r033,2026-06-20,Group F,Matchday 10,Netherlands,Sweden,Netherlands,0.8341581976835788,0.6869212223122493,0.1882702042924616,0.124808573395289,1.45577100767668,5.311514924828922,8.012270093279868,low,low,high,"winner=v4_elo_ensemble_calibrated_v1; probability=calibrated_v3_floor_010_T1.2; draw is risk indicator, not final pick",home_win,1-0,0.1615874125631974,2-0,0.11822033780517105,2-1,0.11152584450070896,1.9507590906737269,0.7481006563953764,0.5089393975735175,0.4910606024264826,0.4188581830048002,0.2970862749546694,High,0.2296331141968884,High,0.3437713705365401,High,,,pending player lineup / scorer data,,,,,,,,pending corners training data
wc2026_r034,2026-06-20,Group F,Matchday 10,Tunisia,Japan,Japan,0.3358153865538369,0.2406270958986638,0.3118811559853059,0.4474917481160301,4.155807957808432,3.2063495367033794,2.234678078892105,high,high,low,"winner=v4_elo_ensemble_calibrated_v1; probability=calibrated_v3_floor_010_T1.2; draw is risk indicator, not final pick",away_win,1-1,0.13628724226110472,0-1,0.12753883430654567,0-0,0.11836211396607293,1.0768619951298162,1.3838254429808945,0.4410607714841335,0.5589392285158665,0.454777872940877,0.2574249684233001,Medium,0.1649193966258115,Medium,0.2678794006041194,Medium,,,pending player lineup / scorer data,,,,,,,,pending corners training data
wc2026_r035,2026-06-25,Group F,Matchday 15,Japan,Sweden,Japan,0.7501454148474085,0.6279806658589624,0.2452374040904061,0.1267819300506314,1.5924057130519829,4.077681394928454,7.887559367495363,medium,medium,high,"winner=v4_elo_ensemble_calibrated_v1; probability=calibrated_v3_floor_010_T1.2; draw is risk indicator, not final pick",home_win,1-0,0.14772257376805475,2-0,0.10807656546563349,1-1,0.10716495325651638,1.8499839013610808,0.7733926473007641,0.48552495407740764,0.5144750459225924,0.43317248744222364,0.28841266685699213,High,0.21258317458630135,High,0.3204229756648941,High,,,pending player lineup / scorer data,,,,,,,,pending corners training data
wc2026_r036,2026-06-25,Group F,Matchday 15,Tunisia,Netherlands,Netherlands,0.4873080363072665,0.1812258744482474,0.2644118216265182,0.5543623039252343,5.517975857722068,3.7819791635961737,1.803874457046177,medium,medium,low,"winner=v4_elo_ensemble_calibrated_v1; probability=calibrated_v3_floor_010_T1.2; draw is risk indicator, not final pick",away_win,0-1,0.157997823029762,1-1,0.11554387720818599,1-2,0.10420550062251933,0.9375257048875077,1.5607089714806865,0.4547529223646375,0.5452470776353624,0.4445063414577246,0.25754968584745547,Medium,0.16968016184351886,Medium,0.27873662886077166,Medium,,,pending player lineup / scorer data,,,,,,,,pending corners training data
wc2026_r037,2026-06-15,Group G,Matchday 5,Belgium,Egypt,Belgium,0.7889632674926569,0.6545207283451717,0.2197633993476284,0.1257158723071997,1.52783549350424,4.5503482516584555,7.954445064473615,low,low,high,"winner=v4_elo_ensemble_calibrated_v1; probability=calibrated_v3_floor_010_T1.2; draw is risk indicator, not final pick",home_win,1-0,0.15396570600376652,2-0,0.11264415640703519,2-1,0.10626542695274757,1.8954254029540605,0.7617478435128306,0.4960050296638189,0.5039949703361811,0.42676876174081246,0.2923032610108529,High,0.220223376408446,High,0.33087822052274,High,,,pending player lineup / scorer data,,,,,,,,pending corners training data
wc2026_r038,2026-06-15,Group G,Matchday 5,Iran,New Zealand,Iran,0.7244051799390149,0.6043091976564732,0.2541327636187073,0.1415580387248195,1.6547820286006336,3.9349511088635865,7.06424028623299,medium,medium,high,"winner=v4_elo_ensemble_calibrated_v1; probability=calibrated_v3_floor_010_T1.2; draw is risk indicator, not final pick",home_win,1-0,0.1421542332157905,1-1,0.11105208781327791,2-0,0.10400266459265892,1.8044747522432125,0.8037352105650404,0.4810930514582498,0.5189069485417502,0.43562846749904416,0.2861113004895119,High,0.20866137042924168,High,0.3156307524802207,Medium,,,pending player lineup / scorer data,,,,,,,,pending corners training data
wc2026_r039,2026-06-21,Group G,Matchday 11,Belgium,Iran,Belgium,0.6462775276816493,0.5307032172333151,0.280401181726146,0.1888956010405387,1.884292326723103,3.566318778843988,5.293929527693929,medium,medium,medium,"winner=v4_elo_ensemble_calibrated_v1; probability=calibrated_v3_floor_010_T1.2; draw is risk indicator, not final pick",home_win,1-0,0.1248395841127686,1-1,0.12253098031357747,0-0,0.10641513919890463,1.6624637534902975,0.9000934729762861,0.46780687930481063,0.5321931206951894,0.44293761052707115,0.27907287792183894,Medium,0.1967577394701879,Medium,0.30118567449679573,Medium,,,pending player lineup / scorer data,,,,,,,,pending corners training data
wc2026_r040,2026-06-21,Group G,Matchday 11,New Zealand,Egypt,New Zealand,0.4840150068827711,0.3875159844571096,0.3196770905954861,0.2928069249474043,2.5805387135215847,3.1281565974503396,3.415219773847992,high,high,low,"winner=v4_elo_ensemble_calibrated_v1; probability=calibrated_v3_floor_010_T1.2; draw is risk indicator, not final pick",home_win,1-1,0.1396939451300636,0-0,0.12132075152109621,1-0,0.09115703987791608,1.381948168560593,1.1046096445993376,0.44616512011390874,0.5538348798860915,0.45437176637096177,0.2663804734225886,Medium,0.17607536799504253,Medium,0.2769623522165394,Medium,,,pending player lineup / scorer data,,,,,,,,pending corners training data
wc2026_r041,2026-06-26,Group G,Matchday 16,Egypt,Iran,Egypt,0.367438958941605,0.2902479142298495,0.3234934430575249,0.3862586427126256,3.4453305294317893,3.0912527640387935,2.588938833775157,high,high,low,"winner=v4_elo_ensemble_calibrated_v1; probability=calibrated_v3_floor_010_T1.2; draw is risk indicator, not final pick",away_win,1-1,0.14136163214021483,0-0,0.12276909662427975,0-1,0.11008689487526233,1.1831574568587546,1.276542478691197,0.4395927906375294,0.5604072093624707,0.45675500907412675,0.25969123362464513,Medium,0.16680943627460024,Medium,0.26800383006260703,Medium,,,pending player lineup / scorer data,,,,,,,,pending corners training data
wc2026_r042,2026-06-26,Group G,Matchday 16,New Zealand,Belgium,Belgium,0.4852500164953056,0.1923121212918214,0.2579173825481465,0.5497704961600318,5.199880243027237,3.8772105630116873,1.8189408252801391,medium,medium,low,"winner=v4_elo_ensemble_calibrated_v1; probability=calibrated_v3_floor_010_T1.2; draw is risk indicator, not final pick",away_win,0-1,0.15668911999289215,1-1,0.11270590776040786,1-2,0.1033423617987803,0.9580007849140283,1.549859383578596,0.45765638996394303,0.542343610036057,0.4428078166862602,0.25882433330254373,Medium,0.17200405364804583,Medium,0.2817444344240363,Medium,,,pending player lineup / scorer data,,,,,,,,pending corners training data
wc2026_r043,2026-06-15,Group H,Matchday 5,Spain,Cape Verde,Spain,0.9410781215814726,0.7521634141852025,0.1239182929073987,0.1239182929073987,1.329498325949916,8.069833569667368,8.069833569667368,low,low,high,"winner=v4_elo_ensemble_calibrated_v1; probability=calibrated_v3_floor_010_T1.2; draw is risk indicator, not final pick",home_win,1-0,0.17693461196870658,2-0,0.12944863256713476,2-1,0.12211831174348242,2.0618426107601606,0.7219725054094412,0.5353172870453679,0.4646827129546323,0.40270873668430407,0.30679661509770356,High,0.24877669993340898,High,0.37004035050492523,High,,,pending player lineup / scorer data,,,,,,,,pending corners training data
wc2026_r044,2026-06-15,Group H,Matchday 5,Saudi Arabia,Uruguay,Uruguay,0.3603009933835785,0.2293808763248286,0.3049184063466733,0.465700717328498,4.359561337554093,3.279565874626349,2.1473018245205227,high,high,low,"winner=v4_elo_ensemble_calibrated_v1; probability=calibrated_v3_floor_010_T1.2; draw is risk indicator, not final pick",away_win,1-1,0.13324462834040843,0-1,0.1327285405236082,0-0,0.11571967869728773,1.0512110674169042,1.4143919310262631,0.442933286037586,0.557066713962414,0.4533099209512488,0.2572774452027709,Medium,0.16539716848724145,Medium,0.26927119453724363,Medium,,,pending player lineup / scorer data,,,,,,,,pending corners training data
wc2026_r045,2026-06-21,Group H,Matchday 11,Spain,Saudi Arabia,Spain,0.9313326448278756,0.7504134245159408,0.1247932877420296,0.1247932877420296,1.3325987613362016,8.013251498487497,8.013251498487497,low,low,high,"winner=v4_elo_ensemble_calibrated_v1; probability=calibrated_v3_floor_010_T1.2; draw is risk indicator, not final pick",home_win,1-0,0.176522954425624,2-0,0.12914745629955737,2-1,0.12183419026143683,2.058556488886274,0.723901900252507,0.5349123583857622,0.4650876416142379,0.4029414911110297,0.30660810335940103,High,0.24844128711863708,High,0.3696147975720688,High,,,pending player lineup / scorer data,,,,,,,,pending corners training data
wc2026_r046,2026-06-21,Group H,Matchday 11,Uruguay,Cape Verde,Uruguay,0.7850391110606585,0.649291331321145,0.2254115870737417,0.1252970816051134,1.540140691490907,4.436329174475213,7.981031857961405,low,low,high,"winner=v4_elo_ensemble_calibrated_v1; probability=calibrated_v3_floor_010_T1.2; draw is risk indicator, not final pick",home_win,1-0,0.15273557261010925,2-0,0.11174416807850925,2-1,0.10541640249347854,1.8866981869757808,0.7631345916279315,0.4937164791074103,0.5062835208925899,0.42817861932824014,0.2914835077012379,High,0.21858639700091737,High,0.3286119591402671,High,,,pending player lineup / scorer data,,,,,,,,pending corners training data
wc2026_r047,2026-06-26,Group H,Matchday 16,Cape Verde,Saudi Arabia,Cape Verde,0.4963084134991108,0.3979247259405604,0.3139821118122483,0.2880931622471911,2.51303810698452,3.1848948152752388,3.4710993909045813,high,high,low,"winner=v4_elo_ensemble_calibrated_v1; probability=calibrated_v3_floor_010_T1.2; draw is risk indicator, not final pick",home_win,1-1,0.1372053274684709,0-0,0.11915944836173599,1-0,0.0936055325867139,1.4013169575442586,1.0938420001045763,0.4487480206341494,0.5512519793658506,0.45287184015696047,0.2675431932619955,Medium,0.17817301345688924,Medium,0.27965435123283283,Medium,,,pending player lineup / scorer data,,,,,,,,pending corners training data
wc2026_r048,2026-06-26,Group H,Matchday 16,Uruguay,Spain,Spain,0.4040141450371081,0.20249807654945,0.2977668826249408,0.4997350408256092,4.938318511661516,3.358331830539977,2.00106039862225,medium,high,low,"winner=v4_elo_ensemble_calibrated_v1; probability=calibrated_v3_floor_010_T1.2; draw is risk indicator, not final pick",away_win,0-1,0.14242860306891336,1-1,0.13011952306458432,0-0,0.11300560171784158,0.9933140806869932,1.4737559973146481,0.44403449146048685,0.5559655085395132,0.4520361708470047,0.2561223963264393,Medium,0.16455322947882198,Medium,0.2694858861527301,Medium,,,pending player lineup / scorer data,,,,,,,,pending corners training data
wc2026_r049,2026-06-16,Group I,Matchday 6,France,Senegal,France,0.7428854223690348,0.6202132278951494,0.2534364207068288,0.1263503513980218,1.6123487133509762,3.9457627960930832,7.914501138582953,medium,medium,high,"winner=v4_elo_ensemble_calibrated_v1; probability=calibrated_v3_floor_010_T1.2; draw is risk indicator, not final pick",home_win,1-0,0.14589540616564345,1-1,0.11074779672897636,2-0,0.10673977587443162,1.8369524116719191,0.775727376837789,0.4821933950284635,0.5178066049715366,0.43522175499745536,0.28721115475697645,High,0.21019155278249932,High,0.3171192544547632,Medium,,,pending player lineup / scorer data,,,,,,,,pending corners training data
wc2026_r050,2026-06-16,Group I,Matchday 6,Iraq,Norway,Norway,0.4996558523449379,0.1726710531075503,0.2632296298234342,0.5640993170690153,5.791358667263917,3.798964427639727,1.772737476790198,medium,medium,low,"winner=v4_elo_ensemble_calibrated_v1; probability=calibrated_v3_floor_010_T1.2; draw is risk indicator, not final pick",away_win,0-1,0.1607729519817787,1-1,0.11502727767155485,1-2,0.10603580243422515,0.919495212845297,1.5780215956372325,0.45471453272866347,0.5452854672713366,0.444358525926899,0.25708967068728406,Medium,0.16918278605381346,Medium,0.2784463810802585,Medium,,,pending player lineup / scorer data,,,,,,,,pending corners training data
wc2026_r051,2026-06-22,Group I,Matchday 12,France,Iraq,France,0.8931647777456957,0.7246026280403634,0.1506211268554312,0.1247762451042054,1.380066758389256,6.639174867944105,8.014345993220596,low,low,high,"winner=v4_elo_ensemble_calibrated_v1; probability=calibrated_v3_floor_010_T1.2; draw is risk indicator, not final pick",home_win,1-0,0.17045137054786166,2-0,0.12470537330772306,2-1,0.11764365023927079,2.014743157418049,0.7337055880179546,0.52434558365042,0.47565441634957983,0.40941740775769025,0.3027353317312414,High,0.24079053866204425,High,0.3591013241759518,High,,,pending player lineup / scorer data,,,,,,,,pending corners training data
wc2026_r052,2026-06-22,Group I,Matchday 12,Norway,Senegal,Norway,0.6492543513395853,0.534486680351239,0.2871996541194763,0.1783136655292846,1.8709540139388467,3.481898343735455,5.608095134109442,medium,medium,medium,"winner=v4_elo_ensemble_calibrated_v1; probability=calibrated_v3_floor_010_T1.2; draw is risk indicator, not final pick",home_win,1-0,0.12572958429895548,1-1,0.12550180761844643,0-0,0.10899522955951775,1.6726981230677298,0.8833780750316284,0.4655926224412462,0.5344073775587538,0.44448077924909674,0.2787458176944199,Medium,0.1956646851810687,Medium,0.2992564160929464,Medium,,,pending player lineup / scorer data,,,,,,,,pending corners training data
wc2026_r053,2026-06-26,Group I,Matchday 16,Norway,France,Norway,0.4192941002735145,0.3329138034807778,0.3213908383034545,0.3456953582157677,3.0037805268045585,3.1114763733738062,2.8927203569098676,high,high,low,"winner=v4_elo_ensemble_calibrated_v1; probability=calibrated_v3_floor_010_T1.2; draw is risk indicator, not final pick",away_win,1-1,0.14044282637719255,0-0,0.12197113644377235,0-1,0.09852602466446098,1.2702011119301524,1.201744125455426,0.4426280733156009,0.557371926684399,0.4556086927625751,0.26266164779055695,Medium,0.17096353808709996,Medium,0.27207394106430594,Medium,,,pending player lineup / scorer data,,,,,,,,pending corners training data
wc2026_r054,2026-06-26,Group I,Matchday 16,Senegal,Iraq,Senegal,0.7306204074774889,0.6118865715068166,0.2608528540694479,0.1272605744237354,1.634289828484755,3.83357891009989,7.857893181201054,medium,medium,high,"winner=v4_elo_ensemble_calibrated_v1; probability=calibrated_v3_floor_010_T1.2; draw is risk indicator, not final pick",home_win,1-0,0.14393669122513764,1-1,0.11398866342132705,2-0,0.10530674381916512,1.822488272808948,0.7802118992937896,0.479110090085521,0.5208899099144789,0.43709527383100283,0.2860391945230667,High,0.20791498600790811,High,0.3140278118779558,Medium,,,pending player lineup / scorer data,,,,,,,,pending corners training data
wc2026_r055,2026-06-16,Group J,Matchday 6,Argentina,Algeria,Argentina,0.8337817319160461,0.6792190109718638,0.1973190415915718,0.1234619474365644,1.4722791674649172,5.067934609523835,8.09966164282162,low,low,high,"winner=v4_elo_ensemble_calibrated_v1; probability=calibrated_v3_floor_010_T1.2; draw is risk indicator, not final pick",home_win,1-0,0.15977558849795973,2-0,0.11689477382937458,2-1,0.11027534357519095,1.9381678942984786,0.749089704033679,0.505309191270949,0.49469080872905097,0.42110657204251856,0.29581719315859406,High,0.2270693662224807,High,0.34019418276649166,High,,,pending player lineup / scorer data,,,,,,,,pending corners training data
wc2026_r056,2026-06-16,Group J,Matchday 6,Austria,Jordan,Austria,0.700398366841459,0.5810462454779801,0.2614316657114974,0.1575220888105224,1.7210334078957523,3.825091338030752,6.348316020636723,medium,medium,high,"winner=v4_elo_ensemble_calibrated_v1; probability=calibrated_v3_floor_010_T1.2; draw is risk indicator, not final pick",home_win,1-0,0.1366819896323838,1-1,0.11424159515820718,2-0,0.09999907003835226,1.7592313079387805,0.8356369779078815,0.4772506566686774,0.5227493433313227,0.4377022764267637,0.2839716288544791,High,0.20510914863897478,High,0.3113943373275105,Medium,,,pending player lineup / scorer data,,,,,,,,pending corners training data
wc2026_r057,2026-06-22,Group J,Matchday 12,Argentina,Austria,Argentina,0.7622213225118384,0.6318438071122184,0.2426714321816188,0.1254847607061627,1.582669623004464,4.1207981961864615,7.969095166397273,medium,medium,high,"winner=v4_elo_ensemble_calibrated_v1; probability=calibrated_v3_floor_010_T1.2; draw is risk indicator, not final pick",home_win,1-0,0.14863131698227447,2-0,0.10874141879832237,1-1,0.1060436632123543,1.8570096073346867,0.770049205336171,0.48664439773570445,0.5133556022642954,0.4325092871143167,0.28888243944836933,High,0.21345633891349952,High,0.32157039755966527,High,,,pending player lineup / scorer data,,,,,,,,pending corners training data
wc2026_r058,2026-06-22,Group J,Matchday 12,Jordan,Algeria,Jordan,0.4534567875517768,0.3615015585921378,0.3172401834435107,0.3212582579643515,2.766239802380063,3.1521857954607597,3.11276045116003,high,high,low,"winner=v4_elo_ensemble_calibrated_v1; probability=calibrated_v3_floor_010_T1.2; draw is risk indicator, not final pick",home_win,1-1,0.13862905438878154,0-0,0.12039592013416739,0-1,0.09156124979873609,1.327536166104277,1.1555841616516402,0.44563665571933325,0.5543633442806667,0.45419496739601173,0.2648837162639538,Medium,0.17432060436809402,Medium,0.27570004648833024,Medium,,,pending player lineup / scorer data,,,,,,,,pending corners training data
wc2026_r059,2026-06-27,Group J,Matchday 17,Algeria,Austria,Algeria,0.4228653227473314,0.3357671426974293,0.3311093557285697,0.3331235015740009,2.9782544890079743,3.0201502394869215,3.001889675375718,high,high,low,"winner=v4_elo_ensemble_calibrated_v1; probability=calibrated_v3_floor_010_T1.2; draw is risk indicator, not final pick",home_win,1-1,0.144689668205616,0-0,0.12565941399750488,0-1,0.09494294196425399,1.2795730685477433,1.1825105074326325,0.439325752822149,0.5606742471778511,0.4578536740308047,0.26202686261842895,Medium,0.16917856549107688,Medium,0.26911357271947745,Medium,,,pending player lineup / scorer data,,,,,,,,pending corners training data
wc2026_r060,2026-06-27,Group J,Matchday 17,Jordan,Argentina,Argentina,0.6074960695925897,0.1308810382691743,0.2298351344189065,0.6392838273119192,7.640526184880705,4.350944874152099,1.5642504272395432,low,low,medium,"winner=v4_elo_ensemble_calibrated_v1; probability=calibrated_v3_floor_010_T1.2; draw is risk indicator, not final pick",away_win,0-1,0.18220115671328177,1-2,0.12016850856060952,0-2,0.11248025165883521,0.8214696142052551,1.7024611866490895,0.46434682908595015,0.53565317091405,0.43713256538817546,0.2571773118864784,Medium,0.1725318371494165,Medium,0.28608428222361765,Medium,,,pending player lineup / scorer data,,,,,,,,pending corners training data
wc2026_r061,2026-06-17,Group K,Matchday 7,Portugal,Democratic Republic of Congo,Portugal,0.8199537184742397,0.6719690819034273,0.2038349499659927,0.1241959681305799,1.488163707126805,4.905930019198559,8.051791173676406,low,low,high,"winner=v4_elo_ensemble_calibrated_v1; probability=calibrated_v3_floor_010_T1.2; draw is risk indicator, not final pick",home_win,1-0,0.15807015672298563,2-0,0.11564704841968491,2-1,0.10909827343138911,1.9255951952059867,0.7529098849834001,0.5026037919651279,0.49739620803487217,0.4227516002975036,0.2947918348306361,High,0.22507494448998186,High,0.33748331649285274,High,,,pending player lineup / scorer data,,,,,,,,pending corners training data
wc2026_r062,2026-06-17,Group K,Matchday 7,Uzbekistan,Colombia,Colombia,0.3568213049541305,0.2357466512697478,0.3025033630469781,0.4617499856832739,4.241841801840791,3.305748372274136,2.1656741332005702,high,high,low,"winner=v4_elo_ensemble_calibrated_v1; probability=calibrated_v3_floor_010_T1.2; draw is risk indicator, not final pick",away_win,1-1,0.13218929176447203,0-1,0.13160254946162506,0-0,0.11480314486769982,1.0634412291019524,1.406265189304518,0.4441332586277115,0.5558667413722885,0.45264406484471187,0.2578982676169162,Medium,0.1664566158080141,Medium,0.2705674320508902,Medium,,,pending player lineup / scorer data,,,,,,,,pending corners training data
wc2026_r063,2026-06-23,Group K,Matchday 13,Portugal,Uzbekistan,Portugal,0.7426360034738427,0.6225447471075072,0.2505269718408623,0.1269282810516303,1.6063102365673163,3.9915861859185826,7.878464844199947,medium,medium,high,"winner=v4_elo_ensemble_calibrated_v1; probability=calibrated_v3_floor_010_T1.2; draw is risk indicator, not final pick",home_win,1-0,0.146443859386521,1-1,0.10947641256602633,2-0,0.1071410343884085,1.8407025322291888,0.7756738011660336,0.48335283343211827,0.5166471665678817,0.43450104873256556,0.28760971150270037,High,0.21100324941059365,High,0.3182579326198894,Medium,,,pending player lineup / scorer data,,,,,,,,pending corners training data
wc2026_r064,2026-06-23,Group K,Matchday 13,Colombia,Democratic Republic of Congo,Colombia,0.8292624519711141,0.6781865086479791,0.1978682448227151,0.1239452465293057,1.474520632965086,5.05386804687116,8.068078671847728,low,low,high,"winner=v4_elo_ensemble_calibrated_v1; probability=calibrated_v3_floor_010_T1.2; draw is risk indicator, not final pick",home_win,1-0,0.15953270856709895,2-0,0.11671707838257592,2-1,0.11010771053390485,1.9362409343641218,0.7501804908981826,0.5050585656572238,0.49494143434277615,0.42125165787519536,0.29570318474321117,High,0.22686457662837833,High,0.3399323003303151,High,,,pending player lineup / scorer data,,,,,,,,pending corners training data
wc2026_r065,2026-06-27,Group K,Matchday 17,Colombia,Portugal,Colombia,0.5404005984141811,0.4362798383654328,0.3097916088295865,0.2539285528049806,2.2921068361687365,3.227976392834095,3.938115619349073,high,high,low,"winner=v4_elo_ensemble_calibrated_v1; probability=calibrated_v3_floor_010_T1.2; draw is risk indicator, not final pick",home_win,1-1,0.1353741424666402,0-0,0.11756910927875416,1-0,0.10262796947466381,1.4787376257671474,1.0299214188810317,0.45229449150850903,0.547705508491491,0.4512996561463229,0.2704079471476791,Medium,0.18238869227391177,Medium,0.2840674585172184,Medium,,,pending player lineup / scorer data,,,,,,,,pending corners training data
wc2026_r066,2026-06-27,Group K,Matchday 17,Democratic Republic of Congo,Uzbekistan,Democratic Republic of Congo,0.4162053368582702,0.3302216107090081,0.3401416707425525,0.3296367185484395,3.0282694032438777,2.939951455571238,3.0336426245338073,high,high,low,"winner=v4_elo_ensemble_calibrated_v1; probability=calibrated_v3_floor_010_T1.2; draw is risk indicator, not final pick",draw,1-1,0.148636650191752,0-0,0.12908727066196096,0-1,0.09394918008052724,1.2714140904250621,1.1795890743793835,0.4358170609279808,0.5641829390720193,0.46006525586847685,0.2609003417567295,Medium,0.16680601926523744,Medium,0.2657126911201015,Medium,,,pending player lineup / scorer data,,,,,,,,pending corners training data
wc2026_r067,2026-06-17,Group L,Matchday 7,England,Croatia,England,0.6351533545745999,0.5227930260340818,0.2994960053563066,0.1777109686096116,1.912802868825584,3.3389426974503804,5.6271146785360235,medium,medium,medium,"winner=v4_elo_ensemble_calibrated_v1; probability=calibrated_v3_floor_010_T1.2; draw is risk indicator, not final pick",home_win,1-1,0.13087512295917983,1-0,0.12297883605717382,0-0,0.1136618216204024,1.653062651548111,0.8869608329778956,0.46059377801116963,0.53940622198883,0.44755481733865077,0.2769409516542267,Medium,0.19207400775379624,Medium,0.29429817960887217,Medium,,,pending player lineup / scorer data,,,,,,,,pending corners training data
wc2026_r068,2026-06-17,Group L,Matchday 7,Ghana,Panama,Panama,0.3452727082050913,0.2593452159756167,0.2925764022208074,0.448078381803576,3.855864455560339,3.417910646277276,2.2317523911215376,medium,high,low,"winner=v4_elo_ensemble_calibrated_v1; probability=calibrated_v3_floor_010_T1.2; draw is risk indicator, not final pick",away_win,1-1,0.12785136339313888,0-1,0.12770602973973416,0-0,0.11103576089436566,1.1084288180879915,1.3775447076525429,0.4489280270278053,0.5510719729721945,0.4499462745108779,0.26028206790738323,Medium,0.17058791101926782,Medium,0.27569211481527633,Medium,,,pending player lineup / scorer data,,,,,,,,pending corners training data
wc2026_r069,2026-06-23,Group L,Matchday 13,England,Ghana,England,0.9234881346173828,0.7490758575251053,0.1254620712374474,0.1254620712374474,1.3349782801756964,7.970536355225769,7.970536355225769,low,low,high,"winner=v4_elo_ensemble_calibrated_v1; probability=calibrated_v3_floor_010_T1.2; draw is risk indicator, not final pick",home_win,1-0,0.17620831283040359,2-0,0.12891725869267406,2-1,0.12161702811331292,2.0560448122612196,0.7253765917319495,0.5346028598680024,0.4653971401319977,0.4031193919544619,0.3064640184639486,High,0.24818492154275826,High,0.36928953533433106,High,,,pending player lineup / scorer data,,,,,,,,pending corners training data
wc2026_r070,2026-06-23,Group L,Matchday 13,Panama,Croatia,Panama,0.3385527576298873,0.2684114762578447,0.305500095495443,0.4260884282467121,3.7256231139661393,3.273321399059649,2.346930669098067,high,high,low,"winner=v4_elo_ensemble_calibrated_v1; probability=calibrated_v3_floor_010_T1.2; draw is risk indicator, not final pick",away_win,1-1,0.13349881750322776,0-1,0.1214387118396725,0-0,0.1159404357260412,1.1317405204994264,1.3423505656001475,0.4448192742440188,0.5551807257559812,0.4528511899925364,0.259782998420606,Medium,0.1686731851073636,Medium,0.272173143141672,Medium,,,pending player lineup / scorer data,,,,,,,,pending corners training data
wc2026_r071,2026-06-27,Group L,Matchday 17,Panama,England,England,0.4565529728245653,0.1909742311210563,0.2752900759960436,0.5337356928829001,5.236308553933183,3.6325319624466657,1.8735865210712013,medium,medium,low,"winner=v4_elo_ensemble_calibrated_v1; probability=calibrated_v3_floor_010_T1.2; draw is risk indicator, not final pick",away_win,0-1,0.15211906897651026,1-1,0.12029750614724019,0-0,0.10447542188251913,0.9615044033903478,1.5272230455158229,0.45140797722442977,0.5485920227755703,0.44691918345681975,0.2572681725140402,Medium,0.16825277268317013,Medium,0.27594235270566286,Medium,,,pending player lineup / scorer data,,,,,,,,pending corners training data
wc2026_r072,2026-06-27,Group L,Matchday 17,Croatia,Ghana,Croatia,0.871580602064625,0.7105168544913787,0.1651500866358322,0.1243330588727889,1.4074261485546982,6.055098246512407,8.042913196747996,low,low,high,"winner=v4_elo_ensemble_calibrated_v1; probability=calibrated_v3_floor_010_T1.2; draw is risk indicator, not final pick",home_win,1-0,0.16713791388383545,2-0,0.12228118716654843,2-1,0.11535673910671275,1.9909890923467248,0.7384294712035826,0.518424694825761,0.4815753051742391,0.41305369368236416,0.30058515868492763,High,0.23652450159886998,High,0.35322152675576773,High,,,pending player lineup / scorer data,,,,,,,,pending corners training data
wc2026_m073,2026-06-28,,Round of 32,2A,2B,,,,,,,,,,,,placeholder knockout match; teams not known yet,,,,,,,,,,,,,,,,,,,,,pending player lineup / scorer data,,,,,,,,pending corners training data
wc2026_m074,2026-06-29,,Round of 32,1E,3A/B/C/D/F,,,,,,,,,,,,placeholder knockout match; teams not known yet,,,,,,,,,,,,,,,,,,,,,pending player lineup / scorer data,,,,,,,,pending corners training data
wc2026_m075,2026-06-29,,Round of 32,1F,2C,,,,,,,,,,,,placeholder knockout match; teams not known yet,,,,,,,,,,,,,,,,,,,,,pending player lineup / scorer data,,,,,,,,pending corners training data
wc2026_m076,2026-06-29,,Round of 32,1C,2F,,,,,,,,,,,,placeholder knockout match; teams not known yet,,,,,,,,,,,,,,,,,,,,,pending player lineup / scorer data,,,,,,,,pending corners training data
wc2026_m077,2026-06-30,,Round of 32,1I,3C/D/F/G/H,,,,,,,,,,,,placeholder knockout match; teams not known yet,,,,,,,,,,,,,,,,,,,,,pending player lineup / scorer data,,,,,,,,pending corners training data
wc2026_m078,2026-06-30,,Round of 32,2E,2I,,,,,,,,,,,,placeholder knockout match; teams not known yet,,,,,,,,,,,,,,,,,,,,,pending player lineup / scorer data,,,,,,,,pending corners training data
wc2026_m079,2026-06-30,,Round of 32,1A,3C/E/F/H/I,,,,,,,,,,,,placeholder knockout match; teams not known yet,,,,,,,,,,,,,,,,,,,,,pending player lineup / scorer data,,,,,,,,pending corners training data
wc2026_m080,2026-07-01,,Round of 32,1L,3E/H/I/J/K,,,,,,,,,,,,placeholder knockout match; teams not known yet,,,,,,,,,,,,,,,,,,,,,pending player lineup / scorer data,,,,,,,,pending corners training data
wc2026_m081,2026-07-01,,Round of 32,1D,3B/E/F/I/J,,,,,,,,,,,,placeholder knockout match; teams not known yet,,,,,,,,,,,,,,,,,,,,,pending player lineup / scorer data,,,,,,,,pending corners training data
wc2026_m082,2026-07-01,,Round of 32,1G,3A/E/H/I/J,,,,,,,,,,,,placeholder knockout match; teams not known yet,,,,,,,,,,,,,,,,,,,,,pending player lineup / scorer data,,,,,,,,pending corners training data
wc2026_m083,2026-07-02,,Round of 32,2K,2L,,,,,,,,,,,,placeholder knockout match; teams not known yet,,,,,,,,,,,,,,,,,,,,,pending player lineup / scorer data,,,,,,,,pending corners training data
wc2026_m084,2026-07-02,,Round of 32,1H,2J,,,,,,,,,,,,placeholder knockout match; teams not known yet,,,,,,,,,,,,,,,,,,,,,pending player lineup / scorer data,,,,,,,,pending corners training data
wc2026_m085,2026-07-02,,Round of 32,1B,3E/F/G/I/J,,,,,,,,,,,,placeholder knockout match; teams not known yet,,,,,,,,,,,,,,,,,,,,,pending player lineup / scorer data,,,,,,,,pending corners training data
wc2026_m086,2026-07-03,,Round of 32,1J,2H,,,,,,,,,,,,placeholder knockout match; teams not known yet,,,,,,,,,,,,,,,,,,,,,pending player lineup / scorer data,,,,,,,,pending corners training data
wc2026_m087,2026-07-03,,Round of 32,1K,3D/E/I/J/L,,,,,,,,,,,,placeholder knockout match; teams not known yet,,,,,,,,,,,,,,,,,,,,,pending player lineup / scorer data,,,,,,,,pending corners training data
wc2026_m088,2026-07-03,,Round of 32,2D,2G,,,,,,,,,,,,placeholder knockout match; teams not known yet,,,,,,,,,,,,,,,,,,,,,pending player lineup / scorer data,,,,,,,,pending corners training data
wc2026_m089,2026-07-04,,Round of 16,W74,W77,,,,,,,,,,,,placeholder knockout match; teams not known yet,,,,,,,,,,,,,,,,,,,,,pending player lineup / scorer data,,,,,,,,pending corners training data
wc2026_m090,2026-07-04,,Round of 16,W73,W75,,,,,,,,,,,,placeholder knockout match; teams not known yet,,,,,,,,,,,,,,,,,,,,,pending player lineup / scorer data,,,,,,,,pending corners training data
wc2026_m091,2026-07-05,,Round of 16,W76,W78,,,,,,,,,,,,placeholder knockout match; teams not known yet,,,,,,,,,,,,,,,,,,,,,pending player lineup / scorer data,,,,,,,,pending corners training data
wc2026_m092,2026-07-05,,Round of 16,W79,W80,,,,,,,,,,,,placeholder knockout match; teams not known yet,,,,,,,,,,,,,,,,,,,,,pending player lineup / scorer data,,,,,,,,pending corners training data
wc2026_m093,2026-07-06,,Round of 16,W83,W84,,,,,,,,,,,,placeholder knockout match; teams not known yet,,,,,,,,,,,,,,,,,,,,,pending player lineup / scorer data,,,,,,,,pending corners training data
wc2026_m094,2026-07-06,,Round of 16,W81,W82,,,,,,,,,,,,placeholder knockout match; teams not known yet,,,,,,,,,,,,,,,,,,,,,pending player lineup / scorer data,,,,,,,,pending corners training data
wc2026_m095,2026-07-07,,Round of 16,W86,W88,,,,,,,,,,,,placeholder knockout match; teams not known yet,,,,,,,,,,,,,,,,,,,,,pending player lineup / scorer data,,,,,,,,pending corners training data
wc2026_m096,2026-07-07,,Round of 16,W85,W87,,,,,,,,,,,,placeholder knockout match; teams not known yet,,,,,,,,,,,,,,,,,,,,,pending player lineup / scorer data,,,,,,,,pending corners training data
wc2026_m097,2026-07-09,,Quarter-final,W89,W90,,,,,,,,,,,,placeholder knockout match; teams not known yet,,,,,,,,,,,,,,,,,,,,,pending player lineup / scorer data,,,,,,,,pending corners training data
wc2026_m098,2026-07-10,,Quarter-final,W93,W94,,,,,,,,,,,,placeholder knockout match; teams not known yet,,,,,,,,,,,,,,,,,,,,,pending player lineup / scorer data,,,,,,,,pending corners training data
wc2026_m099,2026-07-11,,Quarter-final,W91,W92,,,,,,,,,,,,placeholder knockout match; teams not known yet,,,,,,,,,,,,,,,,,,,,,pending player lineup / scorer data,,,,,,,,pending corners training data
wc2026_m100,2026-07-11,,Quarter-final,W95,W96,,,,,,,,,,,,placeholder knockout match; teams not known yet,,,,,,,,,,,,,,,,,,,,,pending player lineup / scorer data,,,,,,,,pending corners training data
wc2026_m101,2026-07-14,,Semi-final,W97,W98,,,,,,,,,,,,placeholder knockout match; teams not known yet,,,,,,,,,,,,,,,,,,,,,pending player lineup / scorer data,,,,,,,,pending corners training data
wc2026_m102,2026-07-15,,Semi-final,W99,W100,,,,,,,,,,,,placeholder knockout match; teams not known yet,,,,,,,,,,,,,,,,,,,,,pending player lineup / scorer data,,,,,,,,pending corners training data
wc2026_r103,2026-07-18,,Match for third place,L101,L102,,,,,,,,,,,,placeholder knockout match; teams not known yet,,,,,,,,,,,,,,,,,,,,,pending player lineup / scorer data,,,,,,,,pending corners training data
wc2026_r104,2026-07-19,,Final,W101,W102,,,,,,,,,,,,placeholder knockout match; teams not known yet,,,,,,,,,,,,,,,,,,,,,pending player lineup / scorer data,,,,,,,,pending corners training data
