match_id,source_row,competition,round,group,date,time,match_datetime_utc,city,venue_country,home_team,away_team,home_is_placeholder,away_is_placeholder,home_advantage,away_advantage,neutral_venue,home_elo,away_elo,elo_diff_home_minus_away,home_elo_date,away_elo_date,home_elo_last_change,away_elo_last_change,home_recent10_matches,home_recent10_wins,home_recent10_draws,home_recent10_losses,home_recent10_win_rate,home_recent10_points_per_match,home_recent10_goals_for_avg,home_recent10_goals_against_avg,away_recent10_matches,away_recent10_wins,away_recent10_draws,away_recent10_losses,away_recent10_win_rate,away_recent10_points_per_match,away_recent10_goals_for_avg,away_recent10_goals_against_avg,h2h_matches,h2h_home_team_wins,h2h_away_team_wins,h2h_draws,h2h_home_team_win_rate,h2h_away_team_win_rate,h2h_draw_rate,h2h_home_goals_avg,h2h_away_goals_avg,h2h_last_match_date,home_win_prob,draw_prob,away_win_prob,home_fair_odds,draw_fair_odds,away_fair_odds,model_prediction,model_version,predicted_winner,draw_risk_level,draw_risk_flag
wc2026_r001,1,World Cup 2026,Matchday 1,Group A,2026-06-11,13:00 UTC-6,2026-06-11 19:00:00,Mexico City,Mexico,Mexico,South Africa,False,False,1.0,0.0,0.0,1835.0,1531.0,304.0,2025-12-13,2025-12-13,0.0,0.0,10.0,6.0,3.0,1.0,0.6,2.1,1.6,0.4,10.0,5.0,2.0,3.0,0.5,1.7,1.5,1.0,4.0,2.0,1.0,1.0,0.5,0.25,0.25,2.5,1.25,2010-06-11,0.7907880393415273,0.17270546147772362,0.03650649918074907,1.2645613618950018,5.790204846121701,27.39238279323504,home_win,v4_elo_ensemble_calibrated_v1,Mexico,low,False
wc2026_r002,2,World Cup 2026,Matchday 1,Group A,2026-06-11,20:00 UTC-6,2026-06-12 02:00:00,Guadalajara (Zapopan),Mexico,South Korea,Czechia,False,False,0.0,0.0,1.0,1784.0,1731.0,53.0,2025-12-13,2025-12-13,0.0,0.0,10.0,6.0,1.0,3.0,0.6,1.9,1.5,1.2,10.0,5.0,4.0,1.0,0.5,1.9,2.0,0.9,3.0,1.0,1.0,1.0,0.3333333333333333,0.3333333333333333,0.3333333333333333,1.3333333333333333,2.6666666666666665,2016-06-05,0.5552913155577462,0.3208465481762215,0.1238621362660323,1.8008565449931069,3.1167547404959484,8.073492272506831,home_win,v4_elo_ensemble_calibrated_v1,South Korea,high,True
wc2026_r003,3,World Cup 2026,Matchday 8,Group A,2026-06-18,12:00 UTC-4,2026-06-18 16:00:00,Atlanta,United States,Czechia,South Africa,False,False,0.0,0.0,1.0,1731.0,1531.0,200.0,2025-12-13,2025-12-13,0.0,0.0,10.0,5.0,4.0,1.0,0.5,1.9,2.0,0.9,10.0,5.0,2.0,3.0,0.5,1.7,1.5,1.0,1.0,0.0,0.0,1.0,0.0,0.0,1.0,2.0,2.0,1997-12-13,0.7122835253786267,0.22520336539867467,0.06251310922269865,1.4039353212169727,4.440430977706362,15.996644742746179,home_win,v4_elo_ensemble_calibrated_v1,Czechia,low,False
wc2026_r004,4,World Cup 2026,Matchday 8,Group A,2026-06-18,19:00 UTC-6,2026-06-19 01:00:00,Guadalajara (Zapopan),Mexico,Mexico,South Korea,False,False,1.0,0.0,0.0,1835.0,1784.0,51.0,2025-12-13,2025-12-13,0.0,0.0,10.0,6.0,3.0,1.0,0.6,2.1,1.6,0.4,10.0,6.0,1.0,3.0,0.6,1.9,1.5,1.2,15.0,8.0,4.0,3.0,0.5333333333333333,0.2666666666666666,0.2,2.066666666666667,1.3333333333333333,2025-09-09,0.5839677522472275,0.31685206084545253,0.0991801869073199,1.712423325006895,3.156047012387144,10.082658958229851,home_win,v4_elo_ensemble_calibrated_v1,Mexico,high,True
wc2026_r005,5,World Cup 2026,Matchday 14,Group A,2026-06-24,19:00 UTC-6,2026-06-25 01:00:00,Mexico City,Mexico,Czechia,Mexico,False,False,0.0,1.0,0.0,1731.0,1835.0,-104.0,2025-12-13,2025-12-13,0.0,0.0,10.0,5.0,4.0,1.0,0.5,1.9,2.0,0.9,10.0,6.0,3.0,1.0,0.6,2.1,1.6,0.4,1.0,1.0,0.0,0.0,1.0,0.0,0.0,2.0,1.0,2000-02-08,0.4201775416089992,0.3735139002070697,0.206308558183931,2.3799463345200893,2.67727653360589,4.847108664820712,home_win,v4_elo_ensemble_calibrated_v1,Czechia,high,True
wc2026_r006,6,World Cup 2026,Matchday 14,Group A,2026-06-24,19:00 UTC-6,2026-06-25 01:00:00,Monterrey (Guadalupe),United States,South Africa,South Korea,False,False,0.0,0.0,1.0,1531.0,1784.0,-253.0,2025-12-13,2025-12-13,0.0,0.0,10.0,5.0,2.0,3.0,0.5,1.7,1.5,1.0,10.0,6.0,1.0,3.0,0.6,1.9,1.5,1.2,,,,,,,,,,,0.3155009168730496,0.34723478830952365,0.33726429481742676,3.1695628967137908,2.879895775617402,2.9650337001766993,away_win,v4_elo_ensemble_calibrated_v1,South Korea,high,True
wc2026_r007,7,World Cup 2026,Matchday 2,Group B,2026-06-12,15:00 UTC-4,2026-06-12 19:00:00,Toronto,Canada,Canada,Bosnia and Herzegovina,False,False,1.0,0.0,0.0,1802.0,1571.0,231.0,2025-12-13,2025-12-13,0.0,0.0,10.0,4.0,5.0,1.0,0.4,1.7,0.9,0.4,10.0,3.0,6.0,1.0,0.3,1.5,2.0,1.0,,,,,,,,,,,0.7201172744944501,0.22431153743485513,0.05557118807069486,1.3886627017828983,4.458085444180157,17.994936489892037,home_win,v4_elo_ensemble_calibrated_v1,Canada,low,False
wc2026_r008,8,World Cup 2026,Matchday 3,Group B,2026-06-13,12:00 UTC-7,2026-06-13 19:00:00,San Francisco Bay Area (Santa Clara),United States,Qatar,Switzerland,False,False,0.0,0.0,1.0,1427.0,1897.0,-470.0,2025-12-13,2025-12-13,0.0,0.0,10.0,1.0,4.0,5.0,0.1,0.7,0.7,1.5,10.0,5.0,4.0,1.0,0.5,1.9,2.2,0.8,1.0,1.0,0.0,0.0,1.0,0.0,0.0,1.0,0.0,2018-11-14,0.1299295543675888,0.20636795663450455,0.6637024889979066,7.696478332950029,4.845713531830362,1.5066991861215606,away_win,v4_elo_ensemble_calibrated_v1,Switzerland,low,False
wc2026_r009,9,World Cup 2026,Matchday 8,Group B,2026-06-18,12:00 UTC-7,2026-06-18 19:00:00,Los Angeles (Inglewood),United States,Switzerland,Bosnia and Herzegovina,False,False,0.0,0.0,1.0,1897.0,1571.0,326.0,2025-12-13,2025-12-13,0.0,0.0,10.0,5.0,4.0,1.0,0.5,1.9,2.2,0.8,10.0,3.0,6.0,1.0,0.3,1.5,2.0,1.0,1.0,0.0,1.0,0.0,0.0,1.0,0.0,0.0,2.0,2016-03-29,0.8123770418207154,0.15146172480891587,0.03616123337036879,1.2309555151371343,6.602328088245398,27.653924017409736,home_win,v4_elo_ensemble_calibrated_v1,Switzerland,low,False
wc2026_r010,10,World Cup 2026,Matchday 8,Group B,2026-06-18,15:00 UTC-7,2026-06-18 22:00:00,Vancouver,Canada,Canada,Qatar,False,False,1.0,0.0,0.0,1802.0,1427.0,375.0,2025-12-13,2025-12-13,0.0,0.0,10.0,4.0,5.0,1.0,0.4,1.7,0.9,0.4,10.0,1.0,4.0,5.0,0.1,0.7,0.7,1.5,1.0,1.0,0.0,0.0,1.0,0.0,0.0,2.0,0.0,2022-09-23,0.8453255595635838,0.12987978531738167,0.024794655119034528,1.1829761784516133,7.699427571090781,40.33127281662866,home_win,v4_elo_ensemble_calibrated_v1,Canada,low,False
wc2026_r011,11,World Cup 2026,Matchday 14,Group B,2026-06-24,12:00 UTC-7,2026-06-24 19:00:00,Vancouver,Canada,Switzerland,Canada,False,False,0.0,1.0,0.0,1897.0,1802.0,95.0,2025-12-13,2025-12-13,0.0,0.0,10.0,5.0,4.0,1.0,0.5,1.9,2.2,0.8,10.0,4.0,5.0,1.0,0.4,1.7,0.9,0.4,1.0,0.0,1.0,0.0,0.0,1.0,0.0,1.0,3.0,2002-05-15,0.6107593395920499,0.30301971224542545,0.08622094816252478,1.6373061125318842,3.300115337678321,11.598109523395866,home_win,v4_elo_ensemble_calibrated_v1,Switzerland,high,True
wc2026_r012,12,World Cup 2026,Matchday 14,Group B,2026-06-24,12:00 UTC-7,2026-06-24 19:00:00,Seattle,United States,Bosnia and Herzegovina,Qatar,False,False,0.0,0.0,1.0,1571.0,1427.0,144.0,2025-12-13,2025-12-13,0.0,0.0,10.0,3.0,6.0,1.0,0.3,1.5,2.0,1.0,10.0,1.0,4.0,5.0,0.1,0.7,0.7,1.5,2.0,0.0,1.0,1.0,0.0,0.5,0.5,0.5,1.5,2010-08-10,0.695178325452262,0.23094319264196583,0.07387848190577218,1.4384798308397062,4.330069176580202,13.535741046702116,home_win,v4_elo_ensemble_calibrated_v1,Bosnia and Herzegovina,low,False
wc2026_r013,13,World Cup 2026,Matchday 3,Group C,2026-06-13,18:00 UTC-4,2026-06-13 22:00:00,New York/New Jersey (East Rutherford),United States,Brazil,Morocco,False,False,0.0,0.0,1.0,1979.0,1830.0,149.0,2025-12-13,2025-12-13,0.0,0.0,10.0,6.0,1.0,3.0,0.6,1.9,2.5,1.1,10.0,6.0,3.0,1.0,0.6,2.1,1.9,0.4,3.0,2.0,1.0,0.0,0.6666666666666666,0.3333333333333333,0.0,2.0,0.6666666666666666,2023-03-25,0.6479428328532143,0.2724868437858213,0.0795703233609643,1.5433460319276981,3.6699019523526606,12.567499511891906,home_win,v4_elo_ensemble_calibrated_v1,Brazil,medium,True
wc2026_r014,14,World Cup 2026,Matchday 3,Group C,2026-06-13,21:00 UTC-4,2026-06-14 01:00:00,Boston (Foxborough),United States,Haiti,Scotland,False,False,0.0,0.0,1.0,1542.0,1790.0,-248.0,2025-12-13,2025-12-13,0.0,0.0,10.0,4.0,3.0,3.0,0.4,1.5,1.5,1.0,10.0,6.0,1.0,3.0,0.6,1.9,2.1,1.0,,,,,,,,,,,0.30166426444265293,0.33591458999986334,0.3624211455574838,3.314943524542339,2.9769472055393806,2.7592209015888933,away_win,v4_elo_ensemble_calibrated_v1,Scotland,high,True
wc2026_r015,15,World Cup 2026,Matchday 9,Group C,2026-06-19,18:00 UTC-4,2026-06-19 22:00:00,Boston (Foxborough),United States,Scotland,Morocco,False,False,0.0,0.0,1.0,1790.0,1830.0,-40.0,2025-12-13,2025-12-13,0.0,0.0,10.0,6.0,1.0,3.0,0.6,1.9,2.1,1.0,10.0,6.0,3.0,1.0,0.6,2.1,1.9,0.4,1.0,0.0,1.0,0.0,0.0,1.0,0.0,0.0,3.0,1998-06-23,0.4735695354575017,0.3594044567858341,0.16702600775666412,2.11162231758411,2.7823806330701433,5.9870915519747925,home_win,v4_elo_ensemble_calibrated_v1,Scotland,high,True
wc2026_r016,16,World Cup 2026,Matchday 9,Group C,2026-06-19,20:30 UTC-4,2026-06-20 00:30:00,Philadelphia,United States,Brazil,Haiti,False,False,0.0,0.0,1.0,1979.0,1542.0,437.0,2025-12-13,2025-12-13,0.0,0.0,10.0,6.0,1.0,3.0,0.6,1.9,2.5,1.1,10.0,4.0,3.0,3.0,0.4,1.5,1.5,1.0,3.0,3.0,0.0,0.0,1.0,0.0,0.0,5.666666666666667,0.3333333333333333,2016-06-08,0.878133289184394,0.10127535425717554,0.020591356558430366,1.138779285920017,9.87407061999142,48.56406605181081,home_win,v4_elo_ensemble_calibrated_v1,Brazil,low,False
wc2026_r017,17,World Cup 2026,Matchday 14,Group C,2026-06-24,18:00 UTC-4,2026-06-24 22:00:00,Miami (Miami Gardens),United States,Scotland,Brazil,False,False,0.0,0.0,1.0,1790.0,1979.0,-189.0,2025-12-13,2025-12-13,0.0,0.0,10.0,6.0,1.0,3.0,0.6,1.9,2.1,1.0,10.0,6.0,1.0,3.0,0.6,1.9,2.5,1.1,10.0,0.0,8.0,2.0,0.0,0.8,0.2,0.3,1.6,2011-03-27,0.35605087562960747,0.35135026187678614,0.29259886249360645,2.8085873914273978,2.84616267156985,3.4176482829691484,home_win,v4_elo_ensemble_calibrated_v1,Scotland,high,True
wc2026_r018,18,World Cup 2026,Matchday 14,Group C,2026-06-24,18:00 UTC-4,2026-06-24 22:00:00,Atlanta,United States,Morocco,Haiti,False,False,0.0,0.0,1.0,1830.0,1542.0,288.0,2025-12-13,2025-12-13,0.0,0.0,10.0,6.0,3.0,1.0,0.6,2.1,1.9,0.4,10.0,4.0,3.0,3.0,0.4,1.5,1.5,1.0,,,,,,,,,,,0.787064674250686,0.17434306362420768,0.03859226212510636,1.2705436194961184,5.735817526732673,25.911930136623056,home_win,v4_elo_ensemble_calibrated_v1,Morocco,low,False
wc2026_r019,19,World Cup 2026,Matchday 2,Group D,2026-06-12,18:00 UTC-7,2026-06-13 01:00:00,Los Angeles (Inglewood),United States,United States,Paraguay,False,False,1.0,0.0,0.0,1747.0,1833.0,-86.0,2025-12-13,2025-12-13,0.0,0.0,10.0,5.0,1.0,4.0,0.5,1.6,1.8,1.7,10.0,4.0,2.0,4.0,0.4,1.4,1.2,1.0,9.0,5.0,2.0,2.0,0.5555555555555556,0.2222222222222222,0.2222222222222222,1.3333333333333333,0.7777777777777778,2025-11-15,0.43638513067777485,0.35591862885094894,0.2076962404712762,2.2915537897609903,2.8096309632019247,4.814723645122008,home_win,v4_elo_ensemble_calibrated_v1,United States,high,True
wc2026_r020,20,World Cup 2026,Matchday 3,Group D,2026-06-13,21:00 UTC-7,2026-06-14 04:00:00,Vancouver,Canada,Australia,Turkey,False,False,0.0,0.0,1.0,1774.0,1880.0,-106.0,2025-12-13,2025-12-13,0.0,0.0,10.0,5.0,1.0,4.0,0.5,1.6,1.3,1.0,10.0,8.0,1.0,1.0,0.8,2.5,2.5,1.3,2.0,0.0,2.0,0.0,0.0,1.0,0.0,0.5,2.0,2004-05-24,0.424368644846186,0.3603643107444625,0.21526704440935154,2.356441768600632,2.774969579906898,4.645392901378816,home_win,v4_elo_ensemble_calibrated_v1,Australia,high,True
wc2026_r021,21,World Cup 2026,Matchday 9,Group D,2026-06-19,12:00 UTC-7,2026-06-19 19:00:00,Seattle,United States,United States,Australia,False,False,1.0,0.0,0.0,1747.0,1774.0,-27.0,2025-12-13,2025-12-13,0.0,0.0,10.0,5.0,1.0,4.0,0.5,1.6,1.8,1.7,10.0,5.0,1.0,4.0,0.5,1.6,1.3,1.0,4.0,2.0,1.0,1.0,0.5,0.25,0.25,1.25,0.75,2025-10-14,0.48689738698255064,0.3438232901306355,0.1692793228868139,2.0538208393298234,2.9084708008583435,5.907396030102478,home_win,v4_elo_ensemble_calibrated_v1,United States,high,True
wc2026_r022,22,World Cup 2026,Matchday 9,Group D,2026-06-19,20:00 UTC-7,2026-06-20 03:00:00,San Francisco Bay Area (Santa Clara),United States,Turkey,Paraguay,False,False,0.0,0.0,1.0,1880.0,1833.0,47.0,2025-12-13,2025-12-13,0.0,0.0,10.0,8.0,1.0,1.0,0.8,2.5,2.5,1.3,10.0,4.0,2.0,4.0,0.4,1.4,1.2,1.0,1.0,0.0,0.0,1.0,0.0,0.0,1.0,0.0,0.0,1995-06-18,0.5724458475897448,0.3134386368780661,0.11411551553218902,1.7468901280539477,3.190417141805718,8.76305027704954,home_win,v4_elo_ensemble_calibrated_v1,Turkey,high,True
wc2026_r023,23,World Cup 2026,Matchday 15,Group D,2026-06-25,19:00 UTC-7,2026-06-26 02:00:00,Los Angeles (Inglewood),United States,Turkey,United States,False,False,0.0,1.0,0.0,1880.0,1747.0,133.0,2025-12-13,2025-12-13,0.0,0.0,10.0,8.0,1.0,1.0,0.8,2.5,2.5,1.3,10.0,5.0,1.0,4.0,0.5,1.6,1.8,1.7,5.0,2.0,2.0,1.0,0.4,0.4,0.2,1.4,1.4,2025-06-07,0.6720114814451995,0.24642689949666763,0.08156161905813288,1.4880698137023525,4.057998546597478,12.260668823742355,home_win,v4_elo_ensemble_calibrated_v1,Turkey,medium,True
wc2026_r024,24,World Cup 2026,Matchday 15,Group D,2026-06-25,19:00 UTC-7,2026-06-26 02:00:00,San Francisco Bay Area (Santa Clara),United States,Paraguay,Australia,False,False,0.0,0.0,1.0,1833.0,1774.0,59.0,2025-12-13,2025-12-13,0.0,0.0,10.0,4.0,2.0,4.0,0.4,1.4,1.2,1.0,10.0,5.0,1.0,4.0,0.5,1.6,1.3,1.0,5.0,0.0,2.0,3.0,0.0,0.4,0.6,0.4,0.8,2010-10-09,0.5667754784950101,0.3252565458813825,0.10796797562360741,1.7643670870436292,3.074496155919608,9.262005647731604,home_win,v4_elo_ensemble_calibrated_v1,Paraguay,high,True
wc2026_r025,25,World Cup 2026,Matchday 4,Group E,2026-06-14,12:00 UTC-5,2026-06-14 17:00:00,Houston,United States,Germany,Curaçao,False,False,0.0,0.0,1.0,1910.0,1467.0,443.0,2025-12-13,2025-12-13,0.0,0.0,10.0,9.0,0.0,1.0,0.9,2.7,2.8,0.8,10.0,4.0,3.0,3.0,0.4,1.5,1.9,1.4,,,,,,,,,,,0.892100901348497,0.08922016041588045,0.018678938235622593,1.1209494335095986,11.208229119278833,53.536233558120585,home_win,v4_elo_ensemble_calibrated_v1,Germany,low,False
wc2026_r026,26,World Cup 2026,Matchday 4,Group E,2026-06-14,19:00 UTC-4,2026-06-14 23:00:00,Philadelphia,United States,Ivory Coast,Ecuador,False,False,0.0,0.0,1.0,1607.0,1933.0,-326.0,2025-12-13,2025-12-13,0.0,0.0,10.0,7.0,1.0,2.0,0.7,2.2,1.9,0.8,10.0,3.0,7.0,0.0,0.3,1.6,0.9,0.5,,,,,,,,,,,0.26957098499577425,0.35047030435730986,0.37995871064691594,3.7095980489727998,2.853308789838253,2.6318649157888885,away_win,v4_elo_ensemble_calibrated_v1,Ecuador,high,True
wc2026_r027,27,World Cup 2026,Matchday 10,Group E,2026-06-20,16:00 UTC-4,2026-06-20 20:00:00,Toronto,Canada,Germany,Ivory Coast,False,False,0.0,0.0,1.0,1910.0,1607.0,303.0,2025-12-13,2025-12-13,0.0,0.0,10.0,9.0,0.0,1.0,0.9,2.7,2.8,0.8,10.0,7.0,1.0,2.0,0.7,2.2,1.9,0.8,1.0,0.0,0.0,1.0,0.0,0.0,1.0,2.0,2.0,2009-11-18,0.7958150201160712,0.1660456561670505,0.03813932371687819,1.2565734180967683,6.022439990805592,26.21965736527886,home_win,v4_elo_ensemble_calibrated_v1,Germany,low,False
wc2026_r028,28,World Cup 2026,Matchday 10,Group E,2026-06-20,19:00 UTC-5,2026-06-21 00:00:00,Kansas City,United States,Ecuador,Curaçao,False,False,0.0,0.0,1.0,1933.0,1467.0,466.0,2025-12-13,2025-12-13,0.0,0.0,10.0,3.0,7.0,0.0,0.3,1.6,0.9,0.5,10.0,4.0,3.0,3.0,0.4,1.5,1.9,1.4,,,,,,,,,,,0.8793489992226262,0.10145267217347231,0.01919832860390136,1.1372049105463624,9.856812822930044,52.08786768014724,home_win,v4_elo_ensemble_calibrated_v1,Ecuador,low,False
wc2026_r029,29,World Cup 2026,Matchday 15,Group E,2026-06-25,16:00 UTC-4,2026-06-25 20:00:00,Philadelphia,United States,Curaçao,Ivory Coast,False,False,0.0,0.0,1.0,1467.0,1607.0,-140.0,2025-12-13,2025-12-13,0.0,0.0,10.0,4.0,3.0,3.0,0.4,1.5,1.9,1.4,10.0,7.0,1.0,2.0,0.7,2.2,1.9,0.8,,,,,,,,,,,0.38688113378028216,0.3433746878750609,0.269744178344657,2.584773235719271,2.912270575878489,3.7072162451724235,home_win,v4_elo_ensemble_calibrated_v1,Curaçao,high,True
wc2026_r030,30,World Cup 2026,Matchday 15,Group E,2026-06-25,16:00 UTC-4,2026-06-25 20:00:00,New York/New Jersey (East Rutherford),United States,Ecuador,Germany,False,False,0.0,0.0,1.0,1933.0,1910.0,23.0,2025-12-13,2025-12-13,0.0,0.0,10.0,3.0,7.0,0.0,0.3,1.6,0.9,0.5,10.0,9.0,0.0,1.0,0.9,2.7,2.8,0.8,2.0,0.0,2.0,0.0,0.0,1.0,0.0,1.0,3.5,2013-05-29,0.5048664445493035,0.35665487549021985,0.13847867996047666,1.9807218538611817,2.8038310106528233,7.221328223849412,home_win,v4_elo_ensemble_calibrated_v1,Ecuador,high,True
wc2026_r031,31,World Cup 2026,Matchday 4,Group F,2026-06-14,15:00 UTC-5,2026-06-14 20:00:00,Dallas (Arlington),United States,Netherlands,Japan,False,False,0.0,0.0,1.0,1959.0,1878.0,81.0,2025-12-13,2025-12-13,0.0,0.0,10.0,6.0,3.0,1.0,0.6,2.1,2.8,0.7,10.0,7.0,2.0,1.0,0.7,2.3,1.4,0.6,3.0,2.0,0.0,1.0,0.6666666666666666,0.0,0.3333333333333333,2.0,0.6666666666666666,2013-11-16,0.6150400568452074,0.29674163047638863,0.08821831267840402,1.6259103596104132,3.3699349780972803,11.335514924723805,home_win,v4_elo_ensemble_calibrated_v1,Netherlands,medium,True
wc2026_r032,32,World Cup 2026,Matchday 4,Group F,2026-06-14,20:00 UTC-6,2026-06-15 02:00:00,Monterrey (Guadalupe),United States,Sweden,Tunisia,False,False,0.0,0.0,1.0,1660.0,1641.0,19.0,2025-12-13,2025-12-13,0.0,0.0,10.0,2.0,3.0,5.0,0.2,0.9,1.3,2.0,10.0,4.0,3.0,3.0,0.4,1.5,1.3,1.3,4.0,2.0,1.0,1.0,0.5,0.25,0.25,0.75,0.5,2003-02-12,0.5296020990512982,0.31765335779393333,0.15274454315476857,1.8882100388033738,3.1480857213186315,6.54687872539413,home_win,v4_elo_ensemble_calibrated_v1,Sweden,high,True
wc2026_r033,33,World Cup 2026,Matchday 10,Group F,2026-06-20,12:00 UTC-5,2026-06-20 17:00:00,Houston,United States,Netherlands,Sweden,False,False,0.0,0.0,1.0,1959.0,1660.0,299.0,2025-12-13,2025-12-13,0.0,0.0,10.0,6.0,3.0,1.0,0.6,2.1,2.8,0.7,10.0,2.0,3.0,5.0,0.2,0.9,1.3,2.0,25.0,11.0,8.0,6.0,0.44,0.32,0.24,1.88,1.92,2017-10-10,0.8341581976835788,0.1337078568721753,0.03213394544424594,1.19881336990628,7.478992060698422,31.11973914734659,home_win,v4_elo_ensemble_calibrated_v1,Netherlands,low,False
wc2026_r034,34,World Cup 2026,Matchday 10,Group F,2026-06-20,22:00 UTC-6,2026-06-21 04:00:00,Monterrey (Guadalupe),United States,Tunisia,Japan,False,False,0.0,0.0,1.0,1641.0,1878.0,-237.0,2025-12-13,2025-12-13,0.0,0.0,10.0,4.0,3.0,3.0,0.4,1.5,1.3,1.3,10.0,7.0,2.0,1.0,0.7,2.3,1.4,0.6,6.0,1.0,5.0,0.0,0.1666666666666666,0.8333333333333334,0.0,0.5,1.3333333333333333,2023-10-17,0.3046069850435232,0.35957762840263985,0.33581538655383697,3.282918807187291,2.78104064605555,2.97782662748743,away_win,v4_elo_ensemble_calibrated_v1,Japan,high,True
wc2026_r035,35,World Cup 2026,Matchday 15,Group F,2026-06-25,18:00 UTC-5,2026-06-25 23:00:00,Dallas (Arlington),United States,Japan,Sweden,False,False,0.0,0.0,1.0,1878.0,1660.0,218.0,2025-12-13,2025-12-13,0.0,0.0,10.0,7.0,2.0,1.0,0.7,2.3,1.4,0.6,10.0,2.0,3.0,5.0,0.2,0.9,1.3,2.0,6.0,1.0,2.0,3.0,0.1666666666666666,0.3333333333333333,0.5,1.3333333333333333,2.0,2002-05-25,0.7501454148474085,0.20003562940120148,0.049818955751390004,1.3330748681619495,4.999109423623478,20.07268086850855,home_win,v4_elo_ensemble_calibrated_v1,Japan,low,False
wc2026_r036,36,World Cup 2026,Matchday 15,Group F,2026-06-25,18:00 UTC-5,2026-06-25 23:00:00,Kansas City,United States,Tunisia,Netherlands,False,False,0.0,0.0,1.0,1641.0,1959.0,-318.0,2025-12-13,2025-12-13,0.0,0.0,10.0,4.0,3.0,3.0,0.4,1.5,1.3,1.3,10.0,6.0,3.0,1.0,0.6,2.1,2.8,0.7,3.0,0.0,1.0,2.0,0.0,0.3333333333333333,0.6666666666666666,1.0,2.3333333333333335,2009-02-11,0.22182273677046863,0.29086922692226486,0.4873080363072665,4.508104149101502,3.437971113620937,2.052090106245368,away_win,v4_elo_ensemble_calibrated_v1,Netherlands,medium,True
wc2026_r037,37,World Cup 2026,Matchday 5,Group G,2026-06-15,12:00 UTC-7,2026-06-15 19:00:00,Seattle,United States,Belgium,Egypt,False,False,0.0,0.0,1.0,1849.0,1591.0,258.0,2025-12-13,2025-12-13,0.0,0.0,10.0,7.0,3.0,0.0,0.7,2.4,3.7,0.6,10.0,5.0,3.0,2.0,0.5,1.8,1.3,0.6,4.0,1.0,3.0,0.0,0.25,0.75,0.0,1.0,1.75,2022-11-18,0.7889632674926569,0.16971722352782673,0.041319508979516424,1.2674861317409905,5.892153897014705,24.201642872758633,home_win,v4_elo_ensemble_calibrated_v1,Belgium,low,False
wc2026_r038,38,World Cup 2026,Matchday 5,Group G,2026-06-15,18:00 UTC-7,2026-06-16 01:00:00,Los Angeles (Inglewood),United States,Iran,New Zealand,False,False,0.0,0.0,1.0,1754.0,1586.0,168.0,2025-12-13,2025-12-13,0.0,0.0,10.0,5.0,2.0,3.0,0.5,1.7,2.0,0.7,10.0,1.0,1.0,8.0,0.1,0.4,0.7,1.8,2.0,1.0,0.0,1.0,0.5,0.0,0.5,1.5,0.0,2003-10-12,0.7244051799390149,0.21572784963248434,0.05986697042850084,1.380442917434945,4.635470115256829,16.703701437411144,home_win,v4_elo_ensemble_calibrated_v1,Iran,low,False
wc2026_r039,39,World Cup 2026,Matchday 11,Group G,2026-06-21,12:00 UTC-7,2026-06-21 19:00:00,Los Angeles (Inglewood),United States,Belgium,Iran,False,False,0.0,0.0,1.0,1849.0,1754.0,95.0,2025-12-13,2025-12-13,0.0,0.0,10.0,7.0,3.0,0.0,0.7,2.4,3.7,0.6,10.0,5.0,2.0,3.0,0.5,1.7,2.0,0.7,,,,,,,,,,,0.6462775276816493,0.2643599970299098,0.08936247528844084,1.5473228716264313,3.7827205751059965,11.190379370896315,home_win,v4_elo_ensemble_calibrated_v1,Belgium,medium,True
wc2026_r040,40,World Cup 2026,Matchday 11,Group G,2026-06-21,18:00 UTC-7,2026-06-22 01:00:00,Vancouver,Canada,New Zealand,Egypt,False,False,0.0,0.0,1.0,1586.0,1591.0,-5.0,2025-12-13,2025-12-13,0.0,0.0,10.0,1.0,1.0,8.0,0.1,0.4,0.7,1.8,10.0,5.0,3.0,2.0,0.5,1.8,1.3,0.6,3.0,0.0,2.0,1.0,0.0,0.6666666666666666,0.3333333333333333,0.3333333333333333,1.0,2024-03-22,0.4840150068827711,0.34746350548700605,0.16852148763022293,2.066051642572729,2.878000089817768,5.93396138416629,home_win,v4_elo_ensemble_calibrated_v1,New Zealand,high,True
wc2026_r041,41,World Cup 2026,Matchday 16,Group G,2026-06-26,20:00 UTC-7,2026-06-27 03:00:00,Seattle,United States,Egypt,Iran,False,False,0.0,0.0,1.0,1591.0,1754.0,-163.0,2025-12-13,2025-12-13,0.0,0.0,10.0,5.0,3.0,2.0,0.5,1.8,1.3,0.6,10.0,5.0,2.0,3.0,0.5,1.7,2.0,0.7,1.0,0.0,0.0,1.0,0.0,0.0,1.0,1.0,1.0,2000-06-07,0.367438958941605,0.37050768026448927,0.2620533607939058,2.721540478125849,2.698999381837763,3.8160166958761463,home_win,v4_elo_ensemble_calibrated_v1,Egypt,high,True
wc2026_r042,42,World Cup 2026,Matchday 16,Group G,2026-06-26,20:00 UTC-7,2026-06-27 03:00:00,Vancouver,Canada,New Zealand,Belgium,False,False,0.0,0.0,1.0,1586.0,1849.0,-263.0,2025-12-13,2025-12-13,0.0,0.0,10.0,1.0,1.0,8.0,0.1,0.4,0.7,1.8,10.0,7.0,3.0,0.0,0.7,2.4,3.7,0.6,,,,,,,,,,,0.2341641349546379,0.2805858485500566,0.48525001649530564,4.270508804406445,3.56397161570178,2.0607933354076953,away_win,v4_elo_ensemble_calibrated_v1,Belgium,medium,True
wc2026_r043,43,World Cup 2026,Matchday 5,Group H,2026-06-15,12:00 UTC-4,2026-06-15 16:00:00,Atlanta,United States,Spain,Cape Verde,False,False,0.0,0.0,1.0,2171.0,1560.0,611.0,2025-12-13,2025-12-13,0.0,0.0,10.0,6.0,4.0,0.0,0.6,2.2,2.7,0.5,10.0,5.0,4.0,1.0,0.5,1.9,1.9,0.9,,,,,,,,,,,0.9410781215814726,0.05093250913891074,0.007989369279616737,1.0626110384114655,19.633825564584907,125.16632602667373,home_win,v4_elo_ensemble_calibrated_v1,Spain,low,False
wc2026_r044,44,World Cup 2026,Matchday 5,Group H,2026-06-15,18:00 UTC-4,2026-06-15 22:00:00,Miami (Miami Gardens),United States,Saudi Arabia,Uruguay,False,False,0.0,0.0,1.0,1612.0,1890.0,-278.0,2025-12-13,2025-12-13,0.0,0.0,10.0,4.0,1.0,5.0,0.4,1.3,1.2,1.3,10.0,4.0,4.0,2.0,0.4,1.6,1.0,0.9,3.0,1.0,1.0,1.0,0.3333333333333333,0.3333333333333333,0.3333333333333333,1.3333333333333333,1.3333333333333333,2018-06-20,0.28954070831363893,0.3501582983027825,0.36030099338357857,3.453745781808238,2.8558512102868923,2.77545723815253,away_win,v4_elo_ensemble_calibrated_v1,Uruguay,high,True
wc2026_r045,45,World Cup 2026,Matchday 11,Group H,2026-06-21,12:00 UTC-4,2026-06-21 16:00:00,Atlanta,United States,Spain,Saudi Arabia,False,False,0.0,0.0,1.0,2171.0,1612.0,559.0,2025-12-13,2025-12-13,0.0,0.0,10.0,6.0,4.0,0.0,0.6,2.2,2.7,0.5,10.0,4.0,1.0,5.0,0.4,1.3,1.2,1.3,3.0,3.0,0.0,0.0,1.0,0.0,0.0,3.0,0.6666666666666666,2012-09-07,0.9313326448278757,0.05924419706672961,0.009423158105394675,1.0737302139611085,16.879290285150653,106.12153471430229,home_win,v4_elo_ensemble_calibrated_v1,Spain,low,False
wc2026_r046,46,World Cup 2026,Matchday 11,Group H,2026-06-21,18:00 UTC-4,2026-06-21 22:00:00,Miami (Miami Gardens),United States,Uruguay,Cape Verde,False,False,0.0,0.0,1.0,1890.0,1560.0,330.0,2025-12-13,2025-12-13,0.0,0.0,10.0,4.0,4.0,2.0,0.4,1.6,1.0,0.9,10.0,5.0,4.0,1.0,0.5,1.9,1.9,0.9,,,,,,,,,,,0.7850391110606585,0.17575894609995976,0.03920194283938185,1.2738218846815288,5.689610811794854,25.508939801713364,home_win,v4_elo_ensemble_calibrated_v1,Uruguay,low,False
wc2026_r047,47,World Cup 2026,Matchday 16,Group H,2026-06-26,19:00 UTC-5,2026-06-27 00:00:00,Houston,United States,Cape Verde,Saudi Arabia,False,False,0.0,0.0,1.0,1560.0,1612.0,-52.0,2025-12-13,2025-12-13,0.0,0.0,10.0,5.0,4.0,1.0,0.5,1.9,1.9,0.9,10.0,4.0,1.0,5.0,0.4,1.3,1.2,1.3,,,,,,,,,,,0.49630841349911087,0.3380405790680916,0.1656510074327975,2.014876179409744,2.958224727802782,6.036787916340848,home_win,v4_elo_ensemble_calibrated_v1,Cape Verde,high,True
wc2026_r048,48,World Cup 2026,Matchday 16,Group H,2026-06-26,18:00 UTC-6,2026-06-27 00:00:00,Guadalajara (Zapopan),Mexico,Uruguay,Spain,False,False,0.0,0.0,1.0,1890.0,2171.0,-281.0,2025-12-13,2025-12-13,0.0,0.0,10.0,4.0,4.0,2.0,0.4,1.6,1.0,0.9,10.0,6.0,4.0,0.0,0.6,2.2,2.7,0.5,10.0,0.0,5.0,5.0,0.0,0.5,0.5,0.8,1.6,2013-06-16,0.25464816380663474,0.34133769115625723,0.40401414503710814,3.926986886735782,2.929650096983345,2.475160863261734,away_win,v4_elo_ensemble_calibrated_v1,Spain,high,True
wc2026_r049,49,World Cup 2026,Matchday 6,Group I,2026-06-16,15:00 UTC-4,2026-06-16 19:00:00,New York/New Jersey (East Rutherford),United States,France,Senegal,False,False,0.0,0.0,1.0,2062.0,1803.0,259.0,2025-12-13,2025-12-13,0.0,0.0,10.0,8.0,1.0,1.0,0.8,2.5,2.4,0.8,10.0,8.0,1.0,1.0,0.8,2.5,2.0,0.6,1.0,0.0,1.0,0.0,0.0,1.0,0.0,0.0,1.0,2002-05-31,0.7428854223690348,0.2095405402179343,0.04757403741303086,1.3461026019477353,4.772346195919615,21.01986828063689,home_win,v4_elo_ensemble_calibrated_v1,France,low,False
wc2026_r050,50,World Cup 2026,Matchday 6,Group I,2026-06-16,18:00 UTC-4,2026-06-16 22:00:00,Boston (Foxborough),United States,Iraq,Norway,False,False,0.0,0.0,1.0,1582.0,1922.0,-340.0,2025-12-13,2025-12-13,0.0,0.0,10.0,5.0,3.0,2.0,0.5,1.8,1.1,0.8,10.0,7.0,2.0,1.0,0.7,2.3,3.1,0.7,,,,,,,,,,,0.21098064252510637,0.28936350512995573,0.4996558523449379,4.739771327035378,3.4558608195974507,2.001377538773726,away_win,v4_elo_ensemble_calibrated_v1,Norway,medium,True
wc2026_r051,51,World Cup 2026,Matchday 12,Group I,2026-06-22,17:00 UTC-4,2026-06-22 21:00:00,Philadelphia,United States,France,Iraq,False,False,0.0,0.0,1.0,2062.0,1582.0,480.0,2025-12-13,2025-12-13,0.0,0.0,10.0,8.0,1.0,1.0,0.8,2.5,2.4,0.8,10.0,5.0,3.0,2.0,0.5,1.8,1.1,0.8,,,,,,,,,,,0.8931647777456957,0.09138326174074517,0.01545196051355914,1.1196142357112997,10.942923035916639,64.7167069267681,home_win,v4_elo_ensemble_calibrated_v1,France,low,False
wc2026_r052,52,World Cup 2026,Matchday 12,Group I,2026-06-22,20:00 UTC-4,2026-06-23 00:00:00,New York/New Jersey (East Rutherford),United States,Norway,Senegal,False,False,0.0,0.0,1.0,1922.0,1803.0,119.0,2025-12-13,2025-12-13,0.0,0.0,10.0,7.0,2.0,1.0,0.7,2.3,3.1,0.7,10.0,8.0,1.0,1.0,0.8,2.5,2.0,0.6,1.0,0.0,1.0,0.0,0.0,1.0,0.0,1.0,2.0,2006-03-01,0.6492543513395853,0.26988389388581363,0.08086175477460103,1.540228414236628,3.7052970653487547,12.366785791224304,home_win,v4_elo_ensemble_calibrated_v1,Norway,medium,True
wc2026_r053,53,World Cup 2026,Matchday 16,Group I,2026-06-26,15:00 UTC-4,2026-06-26 19:00:00,Boston (Foxborough),United States,Norway,France,False,False,0.0,0.0,1.0,1922.0,2062.0,-140.0,2025-12-13,2025-12-13,0.0,0.0,10.0,7.0,2.0,1.0,0.7,2.3,3.1,0.7,10.0,8.0,1.0,1.0,0.8,2.5,2.4,0.8,16.0,5.0,7.0,4.0,0.3125,0.4375,0.25,1.375,1.375,2014-05-27,0.4192941002735145,0.36078598500777237,0.21991991471871308,2.3849608171154295,2.771726290804941,4.547109802579919,home_win,v4_elo_ensemble_calibrated_v1,Norway,high,True
wc2026_r054,54,World Cup 2026,Matchday 16,Group I,2026-06-26,15:00 UTC-4,2026-06-26 19:00:00,Toronto,Canada,Senegal,Iraq,False,False,0.0,0.0,1.0,1803.0,1582.0,221.0,2025-12-13,2025-12-13,0.0,0.0,10.0,8.0,1.0,1.0,0.8,2.5,2.0,0.6,10.0,5.0,3.0,2.0,0.5,1.8,1.1,0.8,,,,,,,,,,,0.7306204074774889,0.2188290564379716,0.050550536084539494,1.3686997923484787,4.569777050075871,19.782183878873692,home_win,v4_elo_ensemble_calibrated_v1,Senegal,low,False
wc2026_r055,55,World Cup 2026,Matchday 6,Group J,2026-06-16,20:00 UTC-5,2026-06-17 01:00:00,Kansas City,United States,Argentina,Algeria,False,False,0.0,0.0,1.0,2113.0,1726.0,387.0,2025-12-13,2025-12-13,0.0,0.0,10.0,8.0,1.0,1.0,0.8,2.5,2.3,0.3,10.0,7.0,2.0,1.0,0.7,2.3,1.9,0.4,1.0,1.0,0.0,0.0,1.0,0.0,0.0,4.0,3.0,2007-06-05,0.8337817319160461,0.14126631700192316,0.024951951082030747,1.1993546532879549,7.078828281382789,40.0770263099848,home_win,v4_elo_ensemble_calibrated_v1,Argentina,low,False
wc2026_r056,56,World Cup 2026,Matchday 6,Group J,2026-06-16,21:00 UTC-7,2026-06-17 04:00:00,San Francisco Bay Area (Santa Clara),United States,Austria,Jordan,False,False,0.0,0.0,1.0,1818.0,1687.0,131.0,2025-12-13,2025-12-13,0.0,0.0,10.0,8.0,1.0,1.0,0.8,2.5,2.7,0.4,10.0,4.0,4.0,2.0,0.4,1.6,1.9,1.6,,,,,,,,,,,0.700398366841459,0.23000862581760373,0.06959300734093736,1.4277588974252398,4.347663034137674,14.369259760552989,home_win,v4_elo_ensemble_calibrated_v1,Austria,low,False
wc2026_r057,57,World Cup 2026,Matchday 12,Group J,2026-06-22,12:00 UTC-5,2026-06-22 17:00:00,Dallas (Arlington),United States,Argentina,Austria,False,False,0.0,0.0,1.0,2113.0,1818.0,295.0,2025-12-13,2025-12-13,0.0,0.0,10.0,8.0,1.0,1.0,0.8,2.5,2.3,0.3,10.0,8.0,1.0,1.0,0.8,2.5,2.7,0.4,2.0,1.0,0.0,1.0,0.5,0.0,0.5,3.0,1.0,1990-05-03,0.7622213225118384,0.19611971991117594,0.04165895757698559,1.3119549013724534,5.098926311198626,24.004441257369535,home_win,v4_elo_ensemble_calibrated_v1,Argentina,low,False
wc2026_r058,58,World Cup 2026,Matchday 12,Group J,2026-06-22,20:00 UTC-7,2026-06-23 03:00:00,San Francisco Bay Area (Santa Clara),United States,Jordan,Algeria,False,False,0.0,0.0,1.0,1687.0,1726.0,-39.0,2025-12-13,2025-12-13,0.0,0.0,10.0,4.0,4.0,2.0,0.4,1.6,1.9,1.6,10.0,7.0,2.0,1.0,0.7,2.3,1.9,0.4,2.0,0.0,1.0,1.0,0.0,0.5,0.5,0.5,3.5,2004-05-30,0.4534567875517768,0.34996389061181515,0.19657932183640803,2.205281798512758,2.8574376580731697,5.087005035210129,home_win,v4_elo_ensemble_calibrated_v1,Jordan,high,True
wc2026_r059,59,World Cup 2026,Matchday 17,Group J,2026-06-27,21:00 UTC-5,2026-06-28 02:00:00,Kansas City,United States,Algeria,Austria,False,False,0.0,0.0,1.0,1726.0,1818.0,-92.0,2025-12-13,2025-12-13,0.0,0.0,10.0,7.0,2.0,1.0,0.7,2.3,1.9,0.4,10.0,8.0,1.0,1.0,0.8,2.5,2.7,0.4,1.0,0.0,1.0,0.0,0.0,1.0,0.0,0.0,2.0,1982-06-21,0.42286532274733146,0.373162864578703,0.2039718126739654,2.3648191190118357,2.6797950571233544,4.902638197359307,home_win,v4_elo_ensemble_calibrated_v1,Algeria,high,True
wc2026_r060,60,World Cup 2026,Matchday 17,Group J,2026-06-27,21:00 UTC-5,2026-06-28 02:00:00,Dallas (Arlington),United States,Jordan,Argentina,False,False,0.0,0.0,1.0,1687.0,2113.0,-426.0,2025-12-13,2025-12-13,0.0,0.0,10.0,4.0,4.0,2.0,0.4,1.6,1.9,1.6,10.0,8.0,1.0,1.0,0.8,2.5,2.3,0.3,,,,,,,,,,,0.15326959369721255,0.23923433671019761,0.6074960695925897,6.524451300990084,4.180001975265677,1.6461011849354656,away_win,v4_elo_ensemble_calibrated_v1,Argentina,low,False
wc2026_r061,61,World Cup 2026,Matchday 7,Group K,2026-06-17,12:00 UTC-5,2026-06-17 17:00:00,Houston,United States,Portugal,Democratic Republic of Congo,False,False,0.0,0.0,1.0,1976.0,1616.0,360.0,2025-12-13,2025-12-13,0.0,0.0,10.0,6.0,3.0,1.0,0.6,2.1,2.6,1.0,10.0,6.0,3.0,1.0,0.6,2.1,1.2,0.3,,,,,,,,,,,0.8199537184742397,0.1498184074391359,0.030227874086624345,1.219581029354667,6.674747229616978,33.082048612955354,home_win,v4_elo_ensemble_calibrated_v1,Portugal,low,False
wc2026_r062,62,World Cup 2026,Matchday 7,Group K,2026-06-17,20:00 UTC-6,2026-06-18 02:00:00,Mexico City,Mexico,Uzbekistan,Colombia,False,False,0.0,0.0,1.0,1735.0,1998.0,-263.0,2025-12-13,2025-12-13,0.0,0.0,10.0,5.0,3.0,2.0,0.5,1.8,1.5,0.7,10.0,6.0,2.0,2.0,0.6,2.0,2.4,1.1,,,,,,,,,,,0.2971802537349237,0.34599844131094587,0.3568213049541305,3.36496112185156,2.8901864303524665,2.8025232409498373,away_win,v4_elo_ensemble_calibrated_v1,Colombia,high,True
wc2026_r063,63,World Cup 2026,Matchday 13,Group K,2026-06-23,12:00 UTC-5,2026-06-23 17:00:00,Houston,United States,Portugal,Uzbekistan,False,False,0.0,0.0,1.0,1976.0,1735.0,241.0,2025-12-13,2025-12-13,0.0,0.0,10.0,6.0,3.0,1.0,0.6,2.1,2.6,1.0,10.0,5.0,3.0,2.0,0.5,1.8,1.5,0.7,,,,,,,,,,,0.7426360034738427,0.2063631334281976,0.05100086309795977,1.3465546988326458,4.845826787893498,19.607511309744947,home_win,v4_elo_ensemble_calibrated_v1,Portugal,low,False
wc2026_r064,64,World Cup 2026,Matchday 13,Group K,2026-06-23,20:00 UTC-6,2026-06-24 02:00:00,Guadalajara (Zapopan),Mexico,Colombia,Democratic Republic of Congo,False,False,0.0,0.0,1.0,1998.0,1616.0,382.0,2025-12-13,2025-12-13,0.0,0.0,10.0,6.0,2.0,2.0,0.6,2.0,2.4,1.1,10.0,6.0,3.0,1.0,0.6,2.1,1.2,0.3,,,,,,,,,,,0.8292624519711141,0.14276684393823325,0.02797070409065251,1.2058908462852158,7.004427445581418,35.751692083224626,home_win,v4_elo_ensemble_calibrated_v1,Colombia,low,False
wc2026_r065,65,World Cup 2026,Matchday 17,Group K,2026-06-27,19:30 UTC-4,2026-06-27 23:30:00,Miami (Miami Gardens),United States,Colombia,Portugal,False,False,0.0,0.0,1.0,1998.0,1976.0,22.0,2025-12-13,2025-12-13,0.0,0.0,10.0,6.0,2.0,2.0,0.6,2.0,2.4,1.1,10.0,6.0,3.0,1.0,0.6,2.1,2.6,1.0,,,,,,,,,,,0.5404005984141811,0.32350821394127044,0.13609118764454853,1.8504790759568452,3.0911116222277424,7.348014352052409,home_win,v4_elo_ensemble_calibrated_v1,Colombia,high,True
wc2026_r066,66,World Cup 2026,Matchday 17,Group K,2026-06-27,19:30 UTC-4,2026-06-27 23:30:00,Atlanta,United States,Democratic Republic of Congo,Uzbekistan,False,False,0.0,0.0,1.0,1616.0,1735.0,-119.0,2025-12-13,2025-12-13,0.0,0.0,10.0,6.0,3.0,1.0,0.6,2.1,1.2,0.3,10.0,5.0,3.0,2.0,0.5,1.8,1.5,0.7,,,,,,,,,,,0.41620533685827027,0.38621620012834135,0.19757846301338847,2.402660205052893,2.5892233408844465,5.061280388299393,home_win,v4_elo_ensemble_calibrated_v1,Democratic Republic of Congo,high,True
wc2026_r067,67,World Cup 2026,Matchday 7,Group L,2026-06-17,15:00 UTC-5,2026-06-17 20:00:00,Dallas (Arlington),United States,England,Croatia,False,False,0.0,0.0,1.0,2042.0,1933.0,109.0,2025-12-13,2025-12-13,0.0,0.0,10.0,7.0,1.0,2.0,0.7,2.2,2.2,0.5,10.0,7.0,1.0,2.0,0.7,2.2,1.9,1.0,11.0,6.0,3.0,2.0,0.5454545454545454,0.2727272727272727,0.1818181818181818,2.0,1.181818181818182,2021-06-13,0.6351533545745999,0.2859873801977873,0.0788592652276129,1.574422921327023,3.4966577871667117,12.680818127250896,home_win,v4_elo_ensemble_calibrated_v1,England,medium,True
wc2026_r068,68,World Cup 2026,Matchday 7,Group L,2026-06-17,19:00 UTC-4,2026-06-17 23:00:00,Toronto,Canada,Ghana,Panama,False,False,0.0,0.0,1.0,1509.0,1742.0,-233.0,2025-12-13,2025-12-13,0.0,0.0,10.0,3.0,2.0,5.0,0.3,1.1,1.1,1.4,10.0,4.0,4.0,2.0,0.4,1.6,1.8,1.6,,,,,,,,,,,0.32530111572205367,0.32942617607285507,0.3452727082050913,3.074074916036955,3.035581482689592,2.896261350045663,away_win,v4_elo_ensemble_calibrated_v1,Panama,high,True
wc2026_r069,69,World Cup 2026,Matchday 13,Group L,2026-06-23,16:00 UTC-4,2026-06-23 20:00:00,Boston (Foxborough),United States,England,Ghana,False,False,0.0,0.0,1.0,2042.0,1509.0,533.0,2025-12-13,2025-12-13,0.0,0.0,10.0,7.0,1.0,2.0,0.7,2.2,2.2,0.5,10.0,3.0,2.0,5.0,0.3,1.1,1.1,1.4,1.0,0.0,0.0,1.0,0.0,0.0,1.0,1.0,1.0,2011-03-29,0.9234881346173827,0.06576688977145906,0.010744975611158298,1.082850945794033,15.205219578955539,93.0667538194813,home_win,v4_elo_ensemble_calibrated_v1,England,low,False
wc2026_r070,70,World Cup 2026,Matchday 13,Group L,2026-06-23,19:00 UTC-4,2026-06-23 23:00:00,Toronto,Canada,Panama,Croatia,False,False,0.0,0.0,1.0,1742.0,1933.0,-191.0,2025-12-13,2025-12-13,0.0,0.0,10.0,4.0,4.0,2.0,0.4,1.6,1.8,1.6,10.0,7.0,1.0,2.0,0.7,2.2,1.9,1.0,,,,,,,,,,,0.3385527576298873,0.34744985417397345,0.31399738819613926,2.953749386065318,2.878113166509734,3.184739865974132,home_win,v4_elo_ensemble_calibrated_v1,Panama,high,True
wc2026_r071,71,World Cup 2026,Matchday 17,Group L,2026-06-27,17:00 UTC-4,2026-06-27 21:00:00,New York/New Jersey (East Rutherford),United States,Panama,England,False,False,0.0,0.0,1.0,1742.0,2042.0,-300.0,2025-12-13,2025-12-13,0.0,0.0,10.0,4.0,4.0,2.0,0.4,1.6,1.8,1.6,10.0,7.0,1.0,2.0,0.7,2.2,2.2,0.5,1.0,0.0,1.0,0.0,0.0,1.0,0.0,1.0,6.0,2018-06-24,0.2361728581166002,0.30727416905883453,0.4565529728245653,4.234186806962776,3.25442259941,2.1903263356566933,away_win,v4_elo_ensemble_calibrated_v1,England,high,True
wc2026_r072,72,World Cup 2026,Matchday 17,Group L,2026-06-27,17:00 UTC-4,2026-06-27 21:00:00,Philadelphia,United States,Croatia,Ghana,False,False,0.0,0.0,1.0,1933.0,1509.0,424.0,2025-12-13,2025-12-13,0.0,0.0,10.0,7.0,1.0,2.0,0.7,2.2,1.9,1.0,10.0,3.0,2.0,5.0,0.3,1.1,1.1,1.4,,,,,,,,,,,0.871580602064625,0.10726126708803399,0.02115813084734105,1.1473408169378385,9.323029898381272,47.263154161165915,home_win,v4_elo_ensemble_calibrated_v1,Croatia,low,False
wc2026_m073,73,World Cup 2026,Round of 32,,2026-06-28,12:00 UTC-7,2026-06-28 19:00:00,Los Angeles (Inglewood),United States,2A,2B,True,True,,,,,,,,,,,,,,,,,,,,,,,,,,,,,,,,,,,,,,,,,,,,,,,
wc2026_m074,74,World Cup 2026,Round of 32,,2026-06-29,16:30 UTC-4,2026-06-29 20:30:00,Boston (Foxborough),United States,1E,3A/B/C/D/F,True,True,,,,,,,,,,,,,,,,,,,,,,,,,,,,,,,,,,,,,,,,,,,,,,,
wc2026_m075,75,World Cup 2026,Round of 32,,2026-06-29,19:00 UTC-6,2026-06-30 01:00:00,Monterrey (Guadalupe),United States,1F,2C,True,True,,,,,,,,,,,,,,,,,,,,,,,,,,,,,,,,,,,,,,,,,,,,,,,
wc2026_m076,76,World Cup 2026,Round of 32,,2026-06-29,12:00 UTC-5,2026-06-29 17:00:00,Houston,United States,1C,2F,True,True,,,,,,,,,,,,,,,,,,,,,,,,,,,,,,,,,,,,,,,,,,,,,,,
wc2026_m077,77,World Cup 2026,Round of 32,,2026-06-30,17:00 UTC-4,2026-06-30 21:00:00,New York/New Jersey (East Rutherford),United States,1I,3C/D/F/G/H,True,True,,,,,,,,,,,,,,,,,,,,,,,,,,,,,,,,,,,,,,,,,,,,,,,
wc2026_m078,78,World Cup 2026,Round of 32,,2026-06-30,12:00 UTC-5,2026-06-30 17:00:00,Dallas (Arlington),United States,2E,2I,True,True,,,,,,,,,,,,,,,,,,,,,,,,,,,,,,,,,,,,,,,,,,,,,,,
wc2026_m079,79,World Cup 2026,Round of 32,,2026-06-30,19:00 UTC-6,2026-07-01 01:00:00,Mexico City,Mexico,1A,3C/E/F/H/I,True,True,,,,,,,,,,,,,,,,,,,,,,,,,,,,,,,,,,,,,,,,,,,,,,,
wc2026_m080,80,World Cup 2026,Round of 32,,2026-07-01,12:00 UTC-4,2026-07-01 16:00:00,Atlanta,United States,1L,3E/H/I/J/K,True,True,,,,,,,,,,,,,,,,,,,,,,,,,,,,,,,,,,,,,,,,,,,,,,,
wc2026_m081,81,World Cup 2026,Round of 32,,2026-07-01,17:00 UTC-7,2026-07-02 00:00:00,San Francisco Bay Area (Santa Clara),United States,1D,3B/E/F/I/J,True,True,,,,,,,,,,,,,,,,,,,,,,,,,,,,,,,,,,,,,,,,,,,,,,,
wc2026_m082,82,World Cup 2026,Round of 32,,2026-07-01,13:00 UTC-7,2026-07-01 20:00:00,Seattle,United States,1G,3A/E/H/I/J,True,True,,,,,,,,,,,,,,,,,,,,,,,,,,,,,,,,,,,,,,,,,,,,,,,
wc2026_m083,83,World Cup 2026,Round of 32,,2026-07-02,19:00 UTC-4,2026-07-02 23:00:00,Toronto,Canada,2K,2L,True,True,,,,,,,,,,,,,,,,,,,,,,,,,,,,,,,,,,,,,,,,,,,,,,,
wc2026_m084,84,World Cup 2026,Round of 32,,2026-07-02,12:00 UTC-7,2026-07-02 19:00:00,Los Angeles (Inglewood),United States,1H,2J,True,True,,,,,,,,,,,,,,,,,,,,,,,,,,,,,,,,,,,,,,,,,,,,,,,
wc2026_m085,85,World Cup 2026,Round of 32,,2026-07-02,20:00 UTC-7,2026-07-03 03:00:00,Vancouver,Canada,1B,3E/F/G/I/J,True,True,,,,,,,,,,,,,,,,,,,,,,,,,,,,,,,,,,,,,,,,,,,,,,,
wc2026_m086,86,World Cup 2026,Round of 32,,2026-07-03,18:00 UTC-4,2026-07-03 22:00:00,Miami (Miami Gardens),United States,1J,2H,True,True,,,,,,,,,,,,,,,,,,,,,,,,,,,,,,,,,,,,,,,,,,,,,,,
wc2026_m087,87,World Cup 2026,Round of 32,,2026-07-03,20:30 UTC-5,2026-07-04 01:30:00,Kansas City,United States,1K,3D/E/I/J/L,True,True,,,,,,,,,,,,,,,,,,,,,,,,,,,,,,,,,,,,,,,,,,,,,,,
wc2026_m088,88,World Cup 2026,Round of 32,,2026-07-03,13:00 UTC-5,2026-07-03 18:00:00,Dallas (Arlington),United States,2D,2G,True,True,,,,,,,,,,,,,,,,,,,,,,,,,,,,,,,,,,,,,,,,,,,,,,,
wc2026_m089,89,World Cup 2026,Round of 16,,2026-07-04,17:00 UTC-4,2026-07-04 21:00:00,Philadelphia,United States,W74,W77,True,True,,,,,,,,,,,,,,,,,,,,,,,,,,,,,,,,,,,,,,,,,,,,,,,
wc2026_m090,90,World Cup 2026,Round of 16,,2026-07-04,12:00 UTC-5,2026-07-04 17:00:00,Houston,United States,W73,W75,True,True,,,,,,,,,,,,,,,,,,,,,,,,,,,,,,,,,,,,,,,,,,,,,,,
wc2026_m091,91,World Cup 2026,Round of 16,,2026-07-05,16:00 UTC-4,2026-07-05 20:00:00,New York/New Jersey (East Rutherford),United States,W76,W78,True,True,,,,,,,,,,,,,,,,,,,,,,,,,,,,,,,,,,,,,,,,,,,,,,,
wc2026_m092,92,World Cup 2026,Round of 16,,2026-07-05,18:00 UTC-6,2026-07-06 00:00:00,Mexico City,Mexico,W79,W80,True,True,,,,,,,,,,,,,,,,,,,,,,,,,,,,,,,,,,,,,,,,,,,,,,,
wc2026_m093,93,World Cup 2026,Round of 16,,2026-07-06,14:00 UTC-5,2026-07-06 19:00:00,Dallas (Arlington),United States,W83,W84,True,True,,,,,,,,,,,,,,,,,,,,,,,,,,,,,,,,,,,,,,,,,,,,,,,
wc2026_m094,94,World Cup 2026,Round of 16,,2026-07-06,17:00 UTC-7,2026-07-07 00:00:00,Seattle,United States,W81,W82,True,True,,,,,,,,,,,,,,,,,,,,,,,,,,,,,,,,,,,,,,,,,,,,,,,
wc2026_m095,95,World Cup 2026,Round of 16,,2026-07-07,12:00 UTC-4,2026-07-07 16:00:00,Atlanta,United States,W86,W88,True,True,,,,,,,,,,,,,,,,,,,,,,,,,,,,,,,,,,,,,,,,,,,,,,,
wc2026_m096,96,World Cup 2026,Round of 16,,2026-07-07,13:00 UTC-7,2026-07-07 20:00:00,Vancouver,Canada,W85,W87,True,True,,,,,,,,,,,,,,,,,,,,,,,,,,,,,,,,,,,,,,,,,,,,,,,
wc2026_m097,97,World Cup 2026,Quarter-final,,2026-07-09,16:00 UTC-4,2026-07-09 20:00:00,Boston (Foxborough),United States,W89,W90,True,True,,,,,,,,,,,,,,,,,,,,,,,,,,,,,,,,,,,,,,,,,,,,,,,
wc2026_m098,98,World Cup 2026,Quarter-final,,2026-07-10,12:00 UTC-7,2026-07-10 19:00:00,Los Angeles (Inglewood),United States,W93,W94,True,True,,,,,,,,,,,,,,,,,,,,,,,,,,,,,,,,,,,,,,,,,,,,,,,
wc2026_m099,99,World Cup 2026,Quarter-final,,2026-07-11,17:00 UTC-4,2026-07-11 21:00:00,Miami (Miami Gardens),United States,W91,W92,True,True,,,,,,,,,,,,,,,,,,,,,,,,,,,,,,,,,,,,,,,,,,,,,,,
wc2026_m100,100,World Cup 2026,Quarter-final,,2026-07-11,20:00 UTC-5,2026-07-12 01:00:00,Kansas City,United States,W95,W96,True,True,,,,,,,,,,,,,,,,,,,,,,,,,,,,,,,,,,,,,,,,,,,,,,,
wc2026_m101,101,World Cup 2026,Semi-final,,2026-07-14,14:00 UTC-5,2026-07-14 19:00:00,Dallas (Arlington),United States,W97,W98,True,True,,,,,,,,,,,,,,,,,,,,,,,,,,,,,,,,,,,,,,,,,,,,,,,
wc2026_m102,102,World Cup 2026,Semi-final,,2026-07-15,15:00 UTC-4,2026-07-15 19:00:00,Atlanta,United States,W99,W100,True,True,,,,,,,,,,,,,,,,,,,,,,,,,,,,,,,,,,,,,,,,,,,,,,,
wc2026_r103,103,World Cup 2026,Match for third place,,2026-07-18,17:00 UTC-4,2026-07-18 21:00:00,Miami (Miami Gardens),United States,L101,L102,True,True,,,,,,,,,,,,,,,,,,,,,,,,,,,,,,,,,,,,,,,,,,,,,,,
wc2026_r104,104,World Cup 2026,Final,,2026-07-19,15:00 UTC-4,2026-07-19 19:00:00,New York/New Jersey (East Rutherford),United States,W101,W102,True,True,,,,,,,,,,,,,,,,,,,,,,,,,,,,,,,,,,,,,,,,,,,,,,,
